ID,score
nl_1_0001000,5
nl_1_0001000,5
nl_1_0001000,5
nl_1_0001000,5
nl_1_0001000,5
nl_1_0001000,5
nl_1_0001000,5
nl_1_0001000,5
nl_1_0001000,5
nl_1_0001000,5
nl_1_0001000,5
nl_1_0001000,5
nl_1_0001000,5
nl_1_0001000,5
nl_1_0001000,5
nl_1_0001000,5
nl_1_0001000,5
nl_1_0001000,5
nl_1_0001000,5
nl_1_0001000,5
nl_1_0001000,5
nl_1_0001000,5
nl_1_0001000,5
nl_1_0001000,5
nl_1_0001000,5
nl_1_0001000,5
nl_1_0001000,5
nl_1_0001000,5
nl_1_0001000,5
nl_1_0001000,5
nl_2_0001000,4
nl_2_0001000,4
nl_2_0001000,4
nl_2_0001000,4
nl_2_0001000,4
nl_2_0001000,4
nl_2_0001000,4
nl_2_0001000,4
nl_2_0001000,4
nl_2_0001000,4
nl_2_0001000,4
nl_2_0001000,4
nl_2_0001000,4
nl_2_0001000,4
nl_2_0001000,4
nl_2_0001000,4
nl_2_0001000,4
nl_2_0001000,4
nl_2_0001000,4
nl_2_0001000,4
nl_2_0001000,4
nl_2_0001000,4
nl_2_0001000,4
nl_2_0001000,4
nl_2_0001000,4
nl_2_0001000,4
nl_2_0001000,4
nl_2_0001000,4
nl_2_0001000,4
nl_2_0001000,4
nl_3_0001000,5
nl_3_0001000,5
nl_3_0001000,5
nl_3_0001000,5
nl_3_0001000,5
nl_3_0001000,5
nl_3_0001000,5
nl_3_0001000,5
nl_3_0001000,5
nl_3_0001000,5
nl_3_0001000,5
nl_3_0001000,5
nl_3_0001000,5
nl_3_0001000,5
nl_3_0001000,5
nl_3_0001000,5
nl_3_0001000,5
nl_3_0001000,5
nl_3_0001000,5
nl_3_0001000,5
nl_3_0001000,5
nl_3_0001000,5
nl_3_0001000,5
nl_3_0001000,5
nl_3_0001000,5
nl_3_0001000,5
nl_3_0001000,5
nl_3_0001000,5
nl_3_0001000,5
nl_3_0001000,5
nl_4_0001000,4
nl_4_0001000,4
nl_4_0001000,4
nl_4_0001000,4
nl_4_0001000,4
nl_4_0001000,4
nl_4_0001000,4
nl_4_0001000,4
nl_4_0001000,4
nl_4_0001000,4
nl_4_0001000,4
nl_4_0001000,4
nl_4_0001000,4
nl_4_0001000,4
nl_4_0001000,4
nl_4_0001000,4
nl_4_0001000,4
nl_4_0001000,4
nl_4_0001000,4
nl_4_0001000,4
nl_4_0001000,4
nl_4_0001000,4
nl_4_0001000,4
nl_4_0001000,4
nl_4_0001000,4
nl_4_0001000,4
nl_4_0001000,4
nl_4_0001000,4
nl_4_0001000,4
nl_4_0001000,4
nl_5_0001000,5
nl_5_0001000,5
nl_5_0001000,5
nl_5_0001000,5
nl_5_0001000,5
nl_5_0001000,5
nl_5_0001000,5
nl_5_0001000,5
nl_5_0001000,5
nl_5_0001000,5
nl_5_0001000,5
nl_5_0001000,5
nl_5_0001000,5
nl_5_0001000,5
nl_5_0001000,5
nl_5_0001000,5
nl_5_0001000,5
nl_5_0001000,5
nl_5_0001000,5
nl_5_0001000,5
nl_5_0001000,5
nl_5_0001000,5
nl_5_0001000,5
nl_5_0001000,5
nl_5_0001000,5
nl_5_0001000,5
nl_5_0001000,5
nl_5_0001000,5
nl_5_0001000,5
nl_5_0001000,5
nl_6_0001000,4
nl_6_0001000,4
nl_6_0001000,4
nl_6_0001000,4
nl_6_0001000,5
nl_6_0001000,4
nl_6_0001000,4
nl_6_0001000,4
nl_6_0001000,4
nl_6_0001000,5
nl_6_0001000,4
nl_6_0001000,4
nl_6_0001000,4
nl_6_0001000,4
nl_6_0001000,5
nl_6_0001000,4
nl_6_0001000,4
nl_6_0001000,4
nl_6_0001000,4
nl_6_0001000,4
nl_6_0001000,4
nl_6_0001000,4
nl_6_0001000,4
nl_6_0001000,5
nl_6_0001000,4
nl_6_0001000,4
nl_6_0001000,4
nl_6_0001000,4
nl_6_0001000,4
nl_6_0001000,5
nl_7_0001000,4
nl_7_0001000,4
nl_7_0001000,4
nl_7_0001000,4
nl_7_0001000,4
nl_7_0001000,4
nl_7_0001000,4
nl_7_0001000,4
nl_7_0001000,4
nl_7_0001000,4
nl_7_0001000,4
nl_7_0001000,4
nl_7_0001000,4
nl_7_0001000,4
nl_7_0001000,4
nl_7_0001000,4
nl_7_0001000,4
nl_7_0001000,4
nl_7_0001000,4
nl_7_0001000,4
nl_7_0001000,4
nl_7_0001000,4
nl_7_0001000,4
nl_7_0001000,4
nl_7_0001000,4
nl_7_0001000,4
nl_7_0001000,4
nl_7_0001000,4
nl_7_0001000,4
nl_7_0001000,4
nl_8_0001000,4
nl_8_0001000,4
nl_8_0001000,4
nl_8_0001000,4
nl_8_0001000,4
nl_8_0001000,4
nl_8_0001000,4
nl_8_0001000,4
nl_8_0001000,4
nl_8_0001000,4
nl_8_0001000,4
nl_8_0001000,4
nl_8_0001000,4
nl_8_0001000,4
nl_8_0001000,4
nl_8_0001000,4
nl_8_0001000,4
nl_8_0001000,4
nl_8_0001000,4
nl_8_0001000,4
nl_8_0001000,4
nl_8_0001000,4
nl_8_0001000,4
nl_8_0001000,4
nl_8_0001000,4
nl_8_0001000,4
nl_8_0001000,4
nl_8_0001000,4
nl_8_0001000,4
nl_8_0001000,4
nl_9_0001000,5
nl_9_0001000,5
nl_9_0001000,5
nl_9_0001000,5
nl_9_0001000,5
nl_9_0001000,5
nl_9_0001000,5
nl_9_0001000,5
nl_9_0001000,5
nl_9_0001000,5
nl_9_0001000,5
nl_9_0001000,5
nl_9_0001000,5
nl_9_0001000,5
nl_9_0001000,5
nl_9_0001000,5
nl_9_0001000,5
nl_9_0001000,5
nl_9_0001000,5
nl_9_0001000,5
nl_9_0001000,5
nl_9_0001000,5
nl_9_0001000,5
nl_9_0001000,5
nl_9_0001000,5
nl_9_0001000,5
nl_9_0001000,5
nl_9_0001000,5
nl_9_0001000,5
nl_9_0001000,5
nl_10_0001000,4
nl_10_0001000,4
nl_10_0001000,4
nl_10_0001000,4
nl_10_0001000,4
nl_10_0001000,4
nl_10_0001000,4
nl_10_0001000,4
nl_10_0001000,4
nl_10_0001000,4
nl_10_0001000,4
nl_10_0001000,4
nl_10_0001000,4
nl_10_0001000,4
nl_10_0001000,4
nl_10_0001000,4
nl_10_0001000,4
nl_10_0001000,4
nl_10_0001000,4
nl_10_0001000,4
nl_10_0001000,4
nl_10_0001000,4
nl_10_0001000,4
nl_10_0001000,4
nl_10_0001000,4
nl_10_0001000,4
nl_10_0001000,4
nl_10_0001000,4
nl_10_0001000,4
nl_10_0001000,4
nl_11_0001000,4
nl_11_0001000,4
nl_11_0001000,4
nl_11_0001000,4
nl_11_0001000,4
nl_11_0001000,4
nl_11_0001000,4
nl_11_0001000,4
nl_11_0001000,4
nl_11_0001000,4
nl_11_0001000,4
nl_11_0001000,4
nl_11_0001000,4
nl_11_0001000,4
nl_11_0001000,4
nl_11_0001000,4
nl_11_0001000,4
nl_11_0001000,4
nl_11_0001000,4
nl_11_0001000,4
nl_11_0001000,4
nl_11_0001000,4
nl_11_0001000,4
nl_11_0001000,4
nl_11_0001000,4
nl_11_0001000,4
nl_11_0001000,4
nl_11_0001000,4
nl_11_0001000,4
nl_11_0001000,4
nl_12_0001000,4
nl_12_0001000,4
nl_12_0001000,4
nl_12_0001000,4
nl_12_0001000,4
nl_12_0001000,4
nl_12_0001000,4
nl_12_0001000,4
nl_12_0001000,5
nl_12_0001000,5
nl_12_0001000,4
nl_12_0001000,4
nl_12_0001000,4
nl_12_0001000,4
nl_12_0001000,4
nl_12_0001000,4
nl_12_0001000,4
nl_12_0001000,4
nl_12_0001000,4
nl_12_0001000,4
nl_12_0001000,4
nl_12_0001000,4
nl_12_0001000,4
nl_12_0001000,4
nl_12_0001000,4
nl_12_0001000,4
nl_12_0001000,4
nl_12_0001000,4
nl_12_0001000,4
nl_12_0001000,4
nl_13_0001000,4
nl_13_0001000,4
nl_13_0001000,4
nl_13_0001000,4
nl_13_0001000,4
nl_13_0001000,4
nl_13_0001000,4
nl_13_0001000,4
nl_13_0001000,4
nl_13_0001000,4
nl_13_0001000,4
nl_13_0001000,4
nl_13_0001000,4
nl_13_0001000,4
nl_13_0001000,4
nl_13_0001000,4
nl_13_0001000,4
nl_13_0001000,4
nl_13_0001000,4
nl_13_0001000,4
nl_13_0001000,4
nl_13_0001000,4
nl_13_0001000,4
nl_13_0001000,4
nl_13_0001000,4
nl_13_0001000,4
nl_13_0001000,4
nl_13_0001000,4
nl_13_0001000,4
nl_13_0001000,4
nl_15_0001000,4
nl_15_0001000,4
nl_15_0001000,4
nl_15_0001000,4
nl_15_0001000,4
nl_15_0001000,4
nl_15_0001000,4
nl_15_0001000,4
nl_15_0001000,4
nl_15_0001000,4
nl_15_0001000,4
nl_15_0001000,4
nl_15_0001000,4
nl_15_0001000,4
nl_15_0001000,4
nl_15_0001000,4
nl_15_0001000,4
nl_15_0001000,4
nl_15_0001000,4
nl_15_0001000,4
nl_15_0001000,4
nl_15_0001000,4
nl_15_0001000,4
nl_15_0001000,4
nl_15_0001000,4
nl_15_0001000,4
nl_15_0001000,4
nl_15_0001000,4
nl_15_0001000,4
nl_15_0001000,4
nl_16_0001000,7
nl_16_0001000,7
nl_16_0001000,7
nl_16_0001000,7
nl_16_0001000,7
nl_16_0001000,7
nl_16_0001000,7
nl_16_0001000,7
nl_16_0001000,7
nl_16_0001000,7
nl_16_0001000,7
nl_16_0001000,7
nl_16_0001000,7
nl_16_0001000,7
nl_16_0001000,7
nl_16_0001000,7
nl_16_0001000,7
nl_16_0001000,7
nl_16_0001000,7
nl_16_0001000,7
nl_16_0001000,7
nl_16_0001000,7
nl_16_0001000,7
nl_16_0001000,7
nl_16_0001000,7
nl_16_0001000,7
nl_16_0001000,7
nl_16_0001000,7
nl_16_0001000,7
nl_16_0001000,7
nl_17_0001000,4
nl_17_0001000,4
nl_17_0001000,4
nl_17_0001000,4
nl_17_0001000,4
nl_17_0001000,4
nl_17_0001000,4
nl_17_0001000,4
nl_17_0001000,4
nl_17_0001000,4
nl_17_0001000,4
nl_17_0001000,4
nl_17_0001000,4
nl_17_0001000,4
nl_17_0001000,4
nl_17_0001000,4
nl_17_0001000,4
nl_17_0001000,4
nl_17_0001000,4
nl_17_0001000,4
nl_17_0001000,4
nl_17_0001000,4
nl_17_0001000,4
nl_17_0001000,4
nl_17_0001000,4
nl_17_0001000,4
nl_17_0001000,4
nl_17_0001000,4
nl_17_0001000,4
nl_17_0001000,4
nl_18_0001000,4
nl_18_0001000,4
nl_18_0001000,4
nl_18_0001000,4
nl_18_0001000,4
nl_18_0001000,4
nl_18_0001000,4
nl_18_0001000,4
nl_18_0001000,4
nl_18_0001000,4
nl_18_0001000,4
nl_18_0001000,4
nl_18_0001000,4
nl_18_0001000,4
nl_18_0001000,4
nl_18_0001000,4
nl_18_0001000,4
nl_18_0001000,4
nl_18_0001000,4
nl_18_0001000,4
nl_18_0001000,4
nl_18_0001000,4
nl_18_0001000,4
nl_18_0001000,4
nl_18_0001000,4
nl_18_0001000,4
nl_18_0001000,4
nl_18_0001000,4
nl_18_0001000,4
nl_18_0001000,4
nl_20_0001000,4
nl_20_0001000,4
nl_20_0001000,4
nl_20_0001000,4
nl_20_0001000,4
nl_20_0001000,4
nl_20_0001000,4
nl_20_0001000,4
nl_20_0001000,4
nl_20_0001000,4
nl_20_0001000,4
nl_20_0001000,4
nl_20_0001000,4
nl_20_0001000,4
nl_20_0001000,4
nl_20_0001000,4
nl_20_0001000,4
nl_20_0001000,4
nl_20_0001000,4
nl_20_0001000,4
nl_20_0001000,4
nl_20_0001000,4
nl_20_0001000,4
nl_20_0001000,4
nl_20_0001000,4
nl_20_0001000,4
nl_20_0001000,4
nl_20_0001000,4
nl_20_0001000,4
nl_20_0001000,4
nl_21_0001000,4
nl_21_0001000,4
nl_21_0001000,4
nl_21_0001000,4
nl_21_0001000,4
nl_21_0001000,4
nl_21_0001000,4
nl_21_0001000,4
nl_21_0001000,4
nl_21_0001000,4
nl_21_0001000,4
nl_21_0001000,4
nl_21_0001000,4
nl_21_0001000,4
nl_21_0001000,4
nl_21_0001000,4
nl_21_0001000,4
nl_21_0001000,4
nl_21_0001000,4
nl_21_0001000,4
nl_21_0001000,4
nl_21_0001000,4
nl_21_0001000,4
nl_21_0001000,4
nl_21_0001000,4
nl_21_0001000,4
nl_21_0001000,4
nl_21_0001000,4
nl_21_0001000,4
nl_21_0001000,4
nl_22_0001000,4
nl_22_0001000,4
nl_22_0001000,4
nl_22_0001000,4
nl_22_0001000,4
nl_22_0001000,4
nl_22_0001000,4
nl_22_0001000,4
nl_22_0001000,4
nl_22_0001000,4
nl_22_0001000,4
nl_22_0001000,4
nl_22_0001000,4
nl_22_0001000,4
nl_22_0001000,4
nl_22_0001000,4
nl_22_0001000,4
nl_22_0001000,4
nl_22_0001000,4
nl_22_0001000,4
nl_22_0001000,4
nl_22_0001000,4
nl_22_0001000,4
nl_22_0001000,4
nl_22_0001000,4
nl_22_0001000,4
nl_22_0001000,4
nl_22_0001000,4
nl_22_0001000,4
nl_22_0001000,4
nl_23_0001000,4
nl_23_0001000,4
nl_23_0001000,4
nl_23_0001000,4
nl_23_0001000,4
nl_23_0001000,4
nl_23_0001000,4
nl_23_0001000,4
nl_23_0001000,4
nl_23_0001000,4
nl_23_0001000,4
nl_23_0001000,4
nl_23_0001000,4
nl_23_0001000,4
nl_23_0001000,4
nl_23_0001000,4
nl_23_0001000,4
nl_23_0001000,4
nl_23_0001000,4
nl_23_0001000,4
nl_23_0001000,4
nl_23_0001000,4
nl_23_0001000,4
nl_23_0001000,4
nl_23_0001000,4
nl_23_0001000,4
nl_23_0001000,4
nl_23_0001000,4
nl_23_0001000,4
nl_23_0001000,4
nl_24_0001000,3
nl_24_0001000,3
nl_24_0001000,2
nl_24_0001000,3
nl_24_0001000,3
nl_24_0001000,2
nl_24_0001000,2
nl_24_0001000,2
nl_24_0001000,2
nl_24_0001000,2
nl_24_0001000,3
nl_24_0001000,2
nl_24_0001000,2
nl_24_0001000,3
nl_24_0001000,3
nl_24_0001000,2
nl_24_0001000,2
nl_24_0001000,2
nl_24_0001000,2
nl_24_0001000,2
nl_24_0001000,2
nl_24_0001000,3
nl_24_0001000,2
nl_24_0001000,2
nl_24_0001000,3
nl_24_0001000,2
nl_24_0001000,3
nl_24_0001000,2
nl_24_0001000,2
nl_24_0001000,3
nl_25_0001000,5
nl_25_0001000,4
nl_25_0001000,4
nl_25_0001000,5
nl_25_0001000,5
nl_25_0001000,4
nl_25_0001000,5
nl_25_0001000,4
nl_25_0001000,5
nl_25_0001000,4
nl_25_0001000,4
nl_25_0001000,4
nl_25_0001000,5
nl_25_0001000,4
nl_25_0001000,4
nl_25_0001000,5
nl_25_0001000,4
nl_25_0001000,4
nl_25_0001000,5
nl_25_0001000,4
nl_25_0001000,4
nl_25_0001000,4
nl_25_0001000,4
nl_25_0001000,4
nl_25_0001000,4
nl_25_0001000,5
nl_25_0001000,4
nl_25_0001000,4
nl_25_0001000,4
nl_25_0001000,4
nl_27_0001000,5
nl_27_0001000,5
nl_27_0001000,5
nl_27_0001000,5
nl_27_0001000,5
nl_27_0001000,5
nl_27_0001000,5
nl_27_0001000,5
nl_27_0001000,5
nl_27_0001000,5
nl_27_0001000,5
nl_27_0001000,5
nl_27_0001000,5
nl_27_0001000,5
nl_27_0001000,5
nl_27_0001000,5
nl_27_0001000,5
nl_27_0001000,5
nl_27_0001000,5
nl_27_0001000,5
nl_27_0001000,5
nl_27_0001000,5
nl_27_0001000,5
nl_27_0001000,5
nl_27_0001000,5
nl_27_0001000,5
nl_27_0001000,5
nl_27_0001000,5
nl_27_0001000,5
nl_27_0001000,5
nl_28_0001000,5
nl_28_0001000,5
nl_28_0001000,5
nl_28_0001000,5
nl_28_0001000,5
nl_28_0001000,5
nl_28_0001000,5
nl_28_0001000,5
nl_28_0001000,5
nl_28_0001000,5
nl_28_0001000,5
nl_28_0001000,5
nl_28_0001000,5
nl_28_0001000,5
nl_28_0001000,5
nl_28_0001000,5
nl_28_0001000,5
nl_28_0001000,5
nl_28_0001000,5
nl_28_0001000,5
nl_28_0001000,5
nl_28_0001000,5
nl_28_0001000,5
nl_28_0001000,5
nl_28_0001000,5
nl_28_0001000,5
nl_28_0001000,5
nl_28_0001000,5
nl_28_0001000,5
nl_28_0001000,5
nl_29_0001000,4
nl_29_0001000,4
nl_29_0001000,4
nl_29_0001000,4
nl_29_0001000,4
nl_29_0001000,4
nl_29_0001000,4
nl_29_0001000,4
nl_29_0001000,4
nl_29_0001000,4
nl_29_0001000,5
nl_29_0001000,4
nl_29_0001000,4
nl_29_0001000,4
nl_29_0001000,4
nl_29_0001000,4
nl_29_0001000,4
nl_29_0001000,4
nl_29_0001000,4
nl_29_0001000,4
nl_29_0001000,4
nl_29_0001000,4
nl_29_0001000,4
nl_29_0001000,5
nl_29_0001000,4
nl_29_0001000,4
nl_29_0001000,4
nl_29_0001000,4
nl_29_0001000,4
nl_29_0001000,4
es_6_0001000,5
es_6_0001000,5
es_6_0001000,5
es_6_0001000,5
es_6_0001000,5
es_6_0001000,5
es_6_0001000,5
es_6_0001000,5
es_6_0001000,5
es_6_0001000,5
es_6_0001000,5
es_6_0001000,5
es_6_0001000,5
es_6_0001000,5
es_6_0001000,5
es_6_0001000,5
es_6_0001000,5
es_6_0001000,5
es_6_0001000,5
es_6_0001000,5
es_6_0001000,5
es_6_0001000,5
es_6_0001000,5
es_6_0001000,5
es_6_0001000,5
es_6_0001000,5
es_6_0001000,5
es_6_0001000,5
es_6_0001000,5
es_6_0001000,5
es_7_0001000,5
es_7_0001000,5
es_7_0001000,5
es_7_0001000,5
es_7_0001000,5
es_7_0001000,5
es_7_0001000,5
es_7_0001000,5
es_7_0001000,5
es_7_0001000,5
es_7_0001000,5
es_7_0001000,5
es_7_0001000,5
es_7_0001000,5
es_7_0001000,5
es_7_0001000,5
es_7_0001000,5
es_7_0001000,5
es_7_0001000,5
es_7_0001000,5
es_7_0001000,5
es_7_0001000,5
es_7_0001000,5
es_7_0001000,5
es_7_0001000,5
es_7_0001000,5
es_7_0001000,5
es_7_0001000,5
es_7_0001000,5
es_7_0001000,5
es_9_0001000,5
es_9_0001000,5
es_9_0001000,5
es_9_0001000,5
es_9_0001000,5
es_9_0001000,5
es_9_0001000,5
es_9_0001000,5
es_9_0001000,5
es_9_0001000,5
es_9_0001000,5
es_9_0001000,5
es_9_0001000,5
es_9_0001000,5
es_9_0001000,5
es_9_0001000,5
es_9_0001000,5
es_9_0001000,5
es_9_0001000,5
es_9_0001000,5
es_9_0001000,5
es_9_0001000,5
es_9_0001000,5
es_9_0001000,5
es_9_0001000,5
es_9_0001000,5
es_9_0001000,5
es_9_0001000,5
es_9_0001000,5
es_9_0001000,5
es_10_0001000,4
es_10_0001000,5
es_10_0001000,5
es_10_0001000,5
es_10_0001000,5
es_10_0001000,5
es_10_0001000,5
es_10_0001000,5
es_10_0001000,4
es_10_0001000,5
es_10_0001000,4
es_10_0001000,5
es_10_0001000,5
es_10_0001000,4
es_10_0001000,5
es_10_0001000,5
es_10_0001000,4
es_10_0001000,5
es_10_0001000,4
es_10_0001000,5
es_10_0001000,5
es_10_0001000,4
es_10_0001000,5
es_10_0001000,4
es_10_0001000,5
es_10_0001000,5
es_10_0001000,4
es_10_0001000,5
es_10_0001000,5
es_10_0001000,5
es_11_0001000,6
es_11_0001000,6
es_11_0001000,6
es_11_0001000,6
es_11_0001000,6
es_11_0001000,6
es_11_0001000,6
es_11_0001000,6
es_11_0001000,6
es_11_0001000,6
es_11_0001000,6
es_11_0001000,6
es_11_0001000,6
es_11_0001000,6
es_11_0001000,6
es_11_0001000,6
es_11_0001000,6
es_11_0001000,6
es_11_0001000,6
es_11_0001000,6
es_11_0001000,6
es_11_0001000,6
es_11_0001000,6
es_11_0001000,6
es_11_0001000,6
es_11_0001000,6
es_11_0001000,6
es_11_0001000,6
es_11_0001000,6
es_11_0001000,6
es_13_0001000,4
es_13_0001000,4
es_13_0001000,4
es_13_0001000,4
es_13_0001000,4
es_13_0001000,4
es_13_0001000,4
es_13_0001000,4
es_13_0001000,4
es_13_0001000,4
es_13_0001000,4
es_13_0001000,4
es_13_0001000,4
es_13_0001000,4
es_13_0001000,4
es_13_0001000,4
es_13_0001000,4
es_13_0001000,4
es_13_0001000,4
es_13_0001000,4
es_13_0001000,4
es_13_0001000,4
es_13_0001000,4
es_13_0001000,4
es_13_0001000,4
es_13_0001000,4
es_13_0001000,4
es_13_0001000,4
es_13_0001000,4
es_13_0001000,4
es_14_0001000,5
es_14_0001000,5
es_14_0001000,5
es_14_0001000,5
es_14_0001000,5
es_14_0001000,5
es_14_0001000,5
es_14_0001000,5
es_14_0001000,6
es_14_0001000,5
es_14_0001000,5
es_14_0001000,5
es_14_0001000,5
es_14_0001000,5
es_14_0001000,5
es_14_0001000,5
es_14_0001000,5
es_14_0001000,6
es_14_0001000,5
es_14_0001000,5
es_14_0001000,5
es_14_0001000,6
es_14_0001000,6
es_14_0001000,5
es_14_0001000,5
es_14_0001000,5
es_14_0001000,5
es_14_0001000,5
es_14_0001000,5
es_14_0001000,5
es_15_0001000,5
es_15_0001000,5
es_15_0001000,5
es_15_0001000,5
es_15_0001000,5
es_15_0001000,6
es_15_0001000,5
es_15_0001000,5
es_15_0001000,5
es_15_0001000,5
es_15_0001000,5
es_15_0001000,5
es_15_0001000,5
es_15_0001000,5
es_15_0001000,5
es_15_0001000,5
es_15_0001000,5
es_15_0001000,5
es_15_0001000,6
es_15_0001000,5
es_15_0001000,5
es_15_0001000,5
es_15_0001000,5
es_15_0001000,5
es_15_0001000,5
es_15_0001000,6
es_15_0001000,5
es_15_0001000,5
es_15_0001000,5
es_15_0001000,6
es_16_0001000,5
es_16_0001000,5
es_16_0001000,5
es_16_0001000,5
es_16_0001000,5
es_16_0001000,5
es_16_0001000,5
es_16_0001000,5
es_16_0001000,5
es_16_0001000,5
es_16_0001000,5
es_16_0001000,5
es_16_0001000,5
es_16_0001000,5
es_16_0001000,5
es_16_0001000,5
es_16_0001000,5
es_16_0001000,5
es_16_0001000,5
es_16_0001000,5
es_16_0001000,5
es_16_0001000,5
es_16_0001000,5
es_16_0001000,5
es_16_0001000,5
es_16_0001000,5
es_16_0001000,5
es_16_0001000,5
es_16_0001000,5
es_16_0001000,5
es_17_0001000,4
es_17_0001000,4
es_17_0001000,4
es_17_0001000,4
es_17_0001000,4
es_17_0001000,4
es_17_0001000,4
es_17_0001000,4
es_17_0001000,4
es_17_0001000,4
es_17_0001000,4
es_17_0001000,4
es_17_0001000,4
es_17_0001000,4
es_17_0001000,4
es_17_0001000,4
es_17_0001000,4
es_17_0001000,4
es_17_0001000,4
es_17_0001000,4
es_17_0001000,4
es_17_0001000,4
es_17_0001000,4
es_17_0001000,4
es_17_0001000,4
es_17_0001000,4
es_17_0001000,4
es_17_0001000,4
es_17_0001000,4
es_17_0001000,4
es_18_0001000,4
es_18_0001000,4
es_18_0001000,4
es_18_0001000,4
es_18_0001000,4
es_18_0001000,4
es_18_0001000,4
es_18_0001000,4
es_18_0001000,4
es_18_0001000,4
es_18_0001000,4
es_18_0001000,4
es_18_0001000,4
es_18_0001000,4
es_18_0001000,4
es_18_0001000,4
es_18_0001000,4
es_18_0001000,4
es_18_0001000,4
es_18_0001000,4
es_18_0001000,4
es_18_0001000,4
es_18_0001000,4
es_18_0001000,4
es_18_0001000,4
es_18_0001000,4
es_18_0001000,4
es_18_0001000,4
es_18_0001000,4
es_18_0001000,4
es_19_0001000,5
es_19_0001000,5
es_19_0001000,5
es_19_0001000,5
es_19_0001000,5
es_19_0001000,5
es_19_0001000,5
es_19_0001000,5
es_19_0001000,5
es_19_0001000,5
es_19_0001000,5
es_19_0001000,5
es_19_0001000,5
es_19_0001000,5
es_19_0001000,5
es_19_0001000,5
es_19_0001000,5
es_19_0001000,5
es_19_0001000,5
es_19_0001000,5
es_19_0001000,5
es_19_0001000,5
es_19_0001000,5
es_19_0001000,5
es_19_0001000,5
es_19_0001000,5
es_19_0001000,5
es_19_0001000,5
es_19_0001000,5
es_19_0001000,5
es_20_0001000,4
es_20_0001000,4
es_20_0001000,4
es_20_0001000,4
es_20_0001000,4
es_20_0001000,4
es_20_0001000,4
es_20_0001000,4
es_20_0001000,4
es_20_0001000,4
es_20_0001000,4
es_20_0001000,4
es_20_0001000,4
es_20_0001000,4
es_20_0001000,4
es_20_0001000,4
es_20_0001000,4
es_20_0001000,4
es_20_0001000,4
es_20_0001000,4
es_20_0001000,4
es_20_0001000,4
es_20_0001000,4
es_20_0001000,4
es_20_0001000,4
es_20_0001000,4
es_20_0001000,4
es_20_0001000,4
es_20_0001000,4
es_20_0001000,4
es_21_0001000,4
es_21_0001000,4
es_21_0001000,4
es_21_0001000,4
es_21_0001000,4
es_21_0001000,4
es_21_0001000,4
es_21_0001000,4
es_21_0001000,4
es_21_0001000,4
es_21_0001000,4
es_21_0001000,4
es_21_0001000,4
es_21_0001000,4
es_21_0001000,4
es_21_0001000,4
es_21_0001000,4
es_21_0001000,4
es_21_0001000,4
es_21_0001000,4
es_21_0001000,4
es_21_0001000,4
es_21_0001000,4
es_21_0001000,4
es_21_0001000,4
es_21_0001000,4
es_21_0001000,4
es_21_0001000,4
es_21_0001000,4
es_21_0001000,4
es_23_0001000,4
es_23_0001000,4
es_23_0001000,4
es_23_0001000,4
es_23_0001000,4
es_23_0001000,4
es_23_0001000,4
es_23_0001000,4
es_23_0001000,4
es_23_0001000,4
es_23_0001000,4
es_23_0001000,4
es_23_0001000,4
es_23_0001000,4
es_23_0001000,4
es_23_0001000,4
es_23_0001000,4
es_23_0001000,4
es_23_0001000,4
es_23_0001000,4
es_23_0001000,4
es_23_0001000,4
es_23_0001000,4
es_23_0001000,4
es_23_0001000,4
es_23_0001000,4
es_23_0001000,4
es_23_0001000,4
es_23_0001000,4
es_23_0001000,4
es_24_0001000,5
es_24_0001000,5
es_24_0001000,5
es_24_0001000,5
es_24_0001000,5
es_24_0001000,5
es_24_0001000,5
es_24_0001000,5
es_24_0001000,5
es_24_0001000,5
es_24_0001000,5
es_24_0001000,5
es_24_0001000,5
es_24_0001000,5
es_24_0001000,5
es_24_0001000,5
es_24_0001000,5
es_24_0001000,5
es_24_0001000,5
es_24_0001000,5
es_24_0001000,5
es_24_0001000,5
es_24_0001000,5
es_24_0001000,5
es_24_0001000,5
es_24_0001000,5
es_24_0001000,5
es_24_0001000,5
es_24_0001000,5
es_24_0001000,5
de_1_0001000,4
de_1_0001000,4
de_1_0001000,5
de_1_0001000,5
de_1_0001000,4
de_1_0001000,4
de_1_0001000,5
de_1_0001000,4
de_1_0001000,4
de_1_0001000,5
de_1_0001000,5
de_1_0001000,4
de_1_0001000,5
de_1_0001000,4
de_1_0001000,4
de_1_0001000,5
de_1_0001000,5
de_1_0001000,5
de_1_0001000,5
de_1_0001000,5
de_1_0001000,5
de_1_0001000,5
de_1_0001000,5
de_1_0001000,4
de_1_0001000,4
de_1_0001000,5
de_1_0001000,4
de_1_0001000,5
de_1_0001000,5
de_1_0001000,5
de_2_0001000,4
de_2_0001000,5
de_2_0001000,5
de_2_0001000,5
de_2_0001000,5
de_2_0001000,5
de_2_0001000,5
de_2_0001000,5
de_2_0001000,5
de_2_0001000,5
de_2_0001000,5
de_2_0001000,5
de_2_0001000,5
de_2_0001000,5
de_2_0001000,5
de_2_0001000,5
de_2_0001000,5
de_2_0001000,7
de_2_0001000,5
de_2_0001000,5
de_2_0001000,5
de_2_0001000,5
de_2_0001000,5
de_2_0001000,5
de_2_0001000,5
de_2_0001000,5
de_2_0001000,5
de_2_0001000,4
de_2_0001000,5
de_2_0001000,5
de_3_0001000,5
de_3_0001000,5
de_3_0001000,5
de_3_0001000,5
de_3_0001000,5
de_3_0001000,5
de_3_0001000,5
de_3_0001000,5
de_3_0001000,5
de_3_0001000,5
de_3_0001000,5
de_3_0001000,5
de_3_0001000,5
de_3_0001000,5
de_3_0001000,5
de_3_0001000,5
de_3_0001000,5
de_3_0001000,5
de_3_0001000,5
de_3_0001000,5
de_3_0001000,5
de_3_0001000,5
de_3_0001000,5
de_3_0001000,5
de_3_0001000,5
de_3_0001000,5
de_3_0001000,5
de_3_0001000,5
de_3_0001000,5
de_3_0001000,5
de_4_0001000,4
de_4_0001000,4
de_4_0001000,4
de_4_0001000,4
de_4_0001000,4
de_4_0001000,4
de_4_0001000,4
de_4_0001000,4
de_4_0001000,4
de_4_0001000,4
de_4_0001000,4
de_4_0001000,4
de_4_0001000,4
de_4_0001000,4
de_4_0001000,4
de_4_0001000,4
de_4_0001000,4
de_4_0001000,4
de_4_0001000,4
de_4_0001000,4
de_4_0001000,4
de_4_0001000,4
de_4_0001000,4
de_4_0001000,4
de_4_0001000,4
de_4_0001000,4
de_4_0001000,4
de_4_0001000,4
de_4_0001000,4
de_4_0001000,4
de_5_0001000,5
de_5_0001000,5
de_5_0001000,5
de_5_0001000,5
de_5_0001000,5
de_5_0001000,5
de_5_0001000,5
de_5_0001000,5
de_5_0001000,5
de_5_0001000,5
de_5_0001000,5
de_5_0001000,5
de_5_0001000,5
de_5_0001000,5
de_5_0001000,5
de_5_0001000,5
de_5_0001000,5
de_5_0001000,5
de_5_0001000,5
de_5_0001000,5
de_5_0001000,5
de_5_0001000,5
de_5_0001000,5
de_5_0001000,5
de_5_0001000,5
de_5_0001000,5
de_5_0001000,5
de_5_0001000,5
de_5_0001000,5
de_5_0001000,5
de_6_0001000,6
de_6_0001000,5
de_6_0001000,5
de_6_0001000,5
de_6_0001000,5
de_6_0001000,5
de_6_0001000,5
de_6_0001000,5
de_6_0001000,5
de_6_0001000,5
de_6_0001000,5
de_6_0001000,5
de_6_0001000,5
de_6_0001000,5
de_6_0001000,5
de_6_0001000,5
de_6_0001000,5
de_6_0001000,5
de_6_0001000,5
de_6_0001000,5
de_6_0001000,5
de_6_0001000,5
de_6_0001000,5
de_6_0001000,5
de_6_0001000,5
de_6_0001000,5
de_6_0001000,5
de_6_0001000,5
de_6_0001000,5
de_6_0001000,5
de_7_0001000,5
de_7_0001000,5
de_7_0001000,6
de_7_0001000,5
de_7_0001000,5
de_7_0001000,5
de_7_0001000,5
de_7_0001000,5
de_7_0001000,5
de_7_0001000,5
de_7_0001000,5
de_7_0001000,6
de_7_0001000,5
de_7_0001000,5
de_7_0001000,5
de_7_0001000,5
de_7_0001000,5
de_7_0001000,5
de_7_0001000,5
de_7_0001000,5
de_7_0001000,5
de_7_0001000,5
de_7_0001000,5
de_7_0001000,5
de_7_0001000,5
de_7_0001000,5
de_7_0001000,5
de_7_0001000,6
de_7_0001000,5
de_7_0001000,5
de_8_0001000,5
de_8_0001000,5
de_8_0001000,5
de_8_0001000,5
de_8_0001000,5
de_8_0001000,5
de_8_0001000,5
de_8_0001000,5
de_8_0001000,5
de_8_0001000,5
de_8_0001000,5
de_8_0001000,5
de_8_0001000,4
de_8_0001000,5
de_8_0001000,5
de_8_0001000,5
de_8_0001000,5
de_8_0001000,4
de_8_0001000,5
de_8_0001000,5
de_8_0001000,5
de_8_0001000,5
de_8_0001000,5
de_8_0001000,5
de_8_0001000,4
de_8_0001000,5
de_8_0001000,5
de_8_0001000,5
de_8_0001000,5
de_8_0001000,5
de_9_0001000,2
de_9_0001000,2
de_9_0001000,2
de_9_0001000,2
de_9_0001000,2
de_9_0001000,2
de_9_0001000,2
de_9_0001000,2
de_9_0001000,2
de_9_0001000,2
de_9_0001000,2
de_9_0001000,2
de_9_0001000,2
de_9_0001000,2
de_9_0001000,2
de_9_0001000,2
de_9_0001000,2
de_9_0001000,2
de_9_0001000,2
de_9_0001000,2
de_9_0001000,2
de_9_0001000,2
de_9_0001000,2
de_9_0001000,2
de_9_0001000,2
de_9_0001000,2
de_9_0001000,2
de_9_0001000,2
de_9_0001000,2
de_9_0001000,2
de_10_0001000,4
de_10_0001000,5
de_10_0001000,5
de_10_0001000,5
de_10_0001000,5
de_10_0001000,5
de_10_0001000,5
de_10_0001000,5
de_10_0001000,4
de_10_0001000,5
de_10_0001000,5
de_10_0001000,5
de_10_0001000,5
de_10_0001000,5
de_10_0001000,4
de_10_0001000,5
de_10_0001000,5
de_10_0001000,5
de_10_0001000,5
de_10_0001000,5
de_10_0001000,5
de_10_0001000,5
de_10_0001000,5
de_10_0001000,5
de_10_0001000,5
de_10_0001000,5
de_10_0001000,5
de_10_0001000,5
de_10_0001000,5
de_10_0001000,5
de_11_0001000,4
de_11_0001000,4
de_11_0001000,4
de_11_0001000,4
de_11_0001000,4
de_11_0001000,4
de_11_0001000,4
de_11_0001000,4
de_11_0001000,4
de_11_0001000,4
de_11_0001000,4
de_11_0001000,4
de_11_0001000,4
de_11_0001000,4
de_11_0001000,4
de_11_0001000,4
de_11_0001000,4
de_11_0001000,4
de_11_0001000,4
de_11_0001000,4
de_11_0001000,4
de_11_0001000,4
de_11_0001000,4
de_11_0001000,4
de_11_0001000,4
de_11_0001000,4
de_11_0001000,4
de_11_0001000,4
de_11_0001000,4
de_11_0001000,4
de_12_0001000,4
de_12_0001000,4
de_12_0001000,4
de_12_0001000,4
de_12_0001000,4
de_12_0001000,4
de_12_0001000,4
de_12_0001000,4
de_12_0001000,4
de_12_0001000,4
de_12_0001000,4
de_12_0001000,4
de_12_0001000,4
de_12_0001000,4
de_12_0001000,4
de_12_0001000,4
de_12_0001000,4
de_12_0001000,4
de_12_0001000,4
de_12_0001000,4
de_12_0001000,4
de_12_0001000,4
de_12_0001000,4
de_12_0001000,4
de_12_0001000,4
de_12_0001000,4
de_12_0001000,4
de_12_0001000,4
de_12_0001000,4
de_12_0001000,4
de_13_0001000,4
de_13_0001000,4
de_13_0001000,4
de_13_0001000,4
de_13_0001000,4
de_13_0001000,4
de_13_0001000,4
de_13_0001000,4
de_13_0001000,4
de_13_0001000,4
de_13_0001000,4
de_13_0001000,4
de_13_0001000,4
de_13_0001000,4
de_13_0001000,4
de_13_0001000,4
de_13_0001000,4
de_13_0001000,4
de_13_0001000,4
de_13_0001000,4
de_13_0001000,4
de_13_0001000,4
de_13_0001000,4
de_13_0001000,4
de_13_0001000,4
de_13_0001000,4
de_13_0001000,4
de_13_0001000,4
de_13_0001000,4
de_13_0001000,4
de_15_0001000,5
de_15_0001000,5
de_15_0001000,5
de_15_0001000,5
de_15_0001000,5
de_15_0001000,5
de_15_0001000,5
de_15_0001000,5
de_15_0001000,5
de_15_0001000,5
de_15_0001000,5
de_15_0001000,5
de_15_0001000,5
de_15_0001000,5
de_15_0001000,5
de_15_0001000,5
de_15_0001000,5
de_15_0001000,5
de_15_0001000,5
de_15_0001000,5
de_15_0001000,5
de_15_0001000,5
de_15_0001000,5
de_15_0001000,5
de_15_0001000,5
de_15_0001000,5
de_15_0001000,5
de_15_0001000,5
de_15_0001000,5
de_15_0001000,5
de_16_0001000,4
de_16_0001000,4
de_16_0001000,4
de_16_0001000,4
de_16_0001000,4
de_16_0001000,4
de_16_0001000,4
de_16_0001000,4
de_16_0001000,4
de_16_0001000,4
de_16_0001000,4
de_16_0001000,4
de_16_0001000,4
de_16_0001000,4
de_16_0001000,4
de_16_0001000,4
de_16_0001000,4
de_16_0001000,4
de_16_0001000,4
de_16_0001000,4
de_16_0001000,4
de_16_0001000,4
de_16_0001000,4
de_16_0001000,4
de_16_0001000,4
de_16_0001000,4
de_16_0001000,4
de_16_0001000,4
de_16_0001000,4
de_16_0001000,4
de_17_0001000,4
de_17_0001000,4
de_17_0001000,4
de_17_0001000,4
de_17_0001000,4
de_17_0001000,4
de_17_0001000,4
de_17_0001000,4
de_17_0001000,4
de_17_0001000,4
de_17_0001000,4
de_17_0001000,4
de_17_0001000,4
de_17_0001000,4
de_17_0001000,4
de_17_0001000,4
de_17_0001000,4
de_17_0001000,4
de_17_0001000,4
de_17_0001000,4
de_17_0001000,4
de_17_0001000,4
de_17_0001000,4
de_17_0001000,4
de_17_0001000,4
de_17_0001000,4
de_17_0001000,4
de_17_0001000,4
de_17_0001000,4
de_17_0001000,4
de_18_0001000,5
de_18_0001000,5
de_18_0001000,5
de_18_0001000,5
de_18_0001000,5
de_18_0001000,5
de_18_0001000,5
de_18_0001000,5
de_18_0001000,5
de_18_0001000,5
de_18_0001000,5
de_18_0001000,5
de_18_0001000,5
de_18_0001000,5
de_18_0001000,5
de_18_0001000,5
de_18_0001000,5
de_18_0001000,5
de_18_0001000,5
de_18_0001000,5
de_18_0001000,5
de_18_0001000,5
de_18_0001000,5
de_18_0001000,5
de_18_0001000,5
de_18_0001000,5
de_18_0001000,5
de_18_0001000,5
de_18_0001000,5
de_18_0001000,5
de_21_0001000,7
de_21_0001000,7
de_21_0001000,7
de_21_0001000,7
de_21_0001000,7
de_21_0001000,7
de_21_0001000,7
de_21_0001000,7
de_21_0001000,7
de_21_0001000,7
de_21_0001000,7
de_21_0001000,7
de_21_0001000,7
de_21_0001000,7
de_21_0001000,7
de_21_0001000,7
de_21_0001000,7
de_21_0001000,6
de_21_0001000,7
de_21_0001000,7
de_21_0001000,7
de_21_0001000,7
de_21_0001000,7
de_21_0001000,7
de_21_0001000,7
de_21_0001000,7
de_21_0001000,7
de_21_0001000,7
de_21_0001000,7
de_21_0001000,7
de_22_0001000,5
de_22_0001000,5
de_22_0001000,5
de_22_0001000,5
de_22_0001000,5
de_22_0001000,5
de_22_0001000,5
de_22_0001000,5
de_22_0001000,5
de_22_0001000,5
de_22_0001000,5
de_22_0001000,5
de_22_0001000,5
de_22_0001000,5
de_22_0001000,5
de_22_0001000,5
de_22_0001000,5
de_22_0001000,5
de_22_0001000,5
de_22_0001000,5
de_22_0001000,5
de_22_0001000,5
de_22_0001000,5
de_22_0001000,5
de_22_0001000,5
de_22_0001000,5
de_22_0001000,5
de_22_0001000,5
de_22_0001000,5
de_22_0001000,5
de_23_0001000,4
de_23_0001000,4
de_23_0001000,4
de_23_0001000,4
de_23_0001000,4
de_23_0001000,4
de_23_0001000,4
de_23_0001000,4
de_23_0001000,4
de_23_0001000,4
de_23_0001000,4
de_23_0001000,4
de_23_0001000,4
de_23_0001000,4
de_23_0001000,4
de_23_0001000,4
de_23_0001000,4
de_23_0001000,4
de_23_0001000,4
de_23_0001000,4
de_23_0001000,4
de_23_0001000,4
de_23_0001000,4
de_23_0001000,4
de_23_0001000,4
de_23_0001000,4
de_23_0001000,4
de_23_0001000,4
de_23_0001000,4
de_23_0001000,4
de_24_0001000,5
de_24_0001000,5
de_24_0001000,5
de_24_0001000,5
de_24_0001000,5
de_24_0001000,5
de_24_0001000,5
de_24_0001000,5
de_24_0001000,5
de_24_0001000,5
de_24_0001000,5
de_24_0001000,5
de_24_0001000,5
de_24_0001000,5
de_24_0001000,5
de_24_0001000,5
de_24_0001000,5
de_24_0001000,5
de_24_0001000,5
de_24_0001000,5
de_24_0001000,5
de_24_0001000,5
de_24_0001000,5
de_24_0001000,5
de_24_0001000,5
de_24_0001000,5
de_24_0001000,5
de_24_0001000,5
de_24_0001000,5
de_24_0001000,5
de_25_0001000,4
de_25_0001000,4
de_25_0001000,4
de_25_0001000,4
de_25_0001000,3
de_25_0001000,4
de_25_0001000,4
de_25_0001000,4
de_25_0001000,4
de_25_0001000,4
de_25_0001000,4
de_25_0001000,4
de_25_0001000,4
de_25_0001000,3
de_25_0001000,4
de_25_0001000,4
de_25_0001000,4
de_25_0001000,4
de_25_0001000,4
de_25_0001000,4
de_25_0001000,4
de_25_0001000,4
de_25_0001000,4
de_25_0001000,4
de_25_0001000,3
de_25_0001000,4
de_25_0001000,3
de_25_0001000,4
de_25_0001000,3
de_25_0001000,4
de_26_0001000,4
de_26_0001000,4
de_26_0001000,4
de_26_0001000,5
de_26_0001000,4
de_26_0001000,4
de_26_0001000,5
de_26_0001000,4
de_26_0001000,5
de_26_0001000,4
de_26_0001000,4
de_26_0001000,5
de_26_0001000,4
de_26_0001000,4
de_26_0001000,4
de_26_0001000,4
de_26_0001000,5
de_26_0001000,4
de_26_0001000,5
de_26_0001000,5
de_26_0001000,5
de_26_0001000,5
de_26_0001000,4
de_26_0001000,4
de_26_0001000,5
de_26_0001000,4
de_26_0001000,5
de_26_0001000,4
de_26_0001000,5
de_26_0001000,4
de_27_0001000,4
de_27_0001000,4
de_27_0001000,4
de_27_0001000,4
de_27_0001000,4
de_27_0001000,4
de_27_0001000,4
de_27_0001000,4
de_27_0001000,4
de_27_0001000,4
de_27_0001000,4
de_27_0001000,4
de_27_0001000,4
de_27_0001000,4
de_27_0001000,4
de_27_0001000,4
de_27_0001000,4
de_27_0001000,4
de_27_0001000,4
de_27_0001000,4
de_27_0001000,4
de_27_0001000,4
de_27_0001000,4
de_27_0001000,4
de_27_0001000,4
de_27_0001000,4
de_27_0001000,4
de_27_0001000,4
de_27_0001000,4
de_27_0001000,4
de_28_0001000,4
de_28_0001000,4
de_28_0001000,4
de_28_0001000,4
de_28_0001000,4
de_28_0001000,4
de_28_0001000,4
de_28_0001000,4
de_28_0001000,4
de_28_0001000,4
de_28_0001000,4
de_28_0001000,4
de_28_0001000,4
de_28_0001000,4
de_28_0001000,4
de_28_0001000,4
de_28_0001000,4
de_28_0001000,4
de_28_0001000,4
de_28_0001000,4
de_28_0001000,4
de_28_0001000,4
de_28_0001000,4
de_28_0001000,4
de_28_0001000,4
de_28_0001000,4
de_28_0001000,4
de_28_0001000,4
de_28_0001000,4
de_28_0001000,4
de_29_0001000,4
de_29_0001000,4
de_29_0001000,4
de_29_0001000,4
de_29_0001000,4
de_29_0001000,4
de_29_0001000,4
de_29_0001000,4
de_29_0001000,4
de_29_0001000,4
de_29_0001000,4
de_29_0001000,4
de_29_0001000,4
de_29_0001000,4
de_29_0001000,4
de_29_0001000,4
de_29_0001000,4
de_29_0001000,4
de_29_0001000,4
de_29_0001000,4
de_29_0001000,4
de_29_0001000,4
de_29_0001000,4
de_29_0001000,4
de_29_0001000,4
de_29_0001000,4
de_29_0001000,4
de_29_0001000,4
de_29_0001000,4
de_29_0001000,4
de_30_0001000,4
de_30_0001000,4
de_30_0001000,4
de_30_0001000,4
de_30_0001000,4
de_30_0001000,4
de_30_0001000,4
de_30_0001000,4
de_30_0001000,4
de_30_0001000,4
de_30_0001000,4
de_30_0001000,4
de_30_0001000,4
de_30_0001000,4
de_30_0001000,4
de_30_0001000,4
de_30_0001000,4
de_30_0001000,4
de_30_0001000,4
de_30_0001000,4
de_30_0001000,4
de_30_0001000,4
de_30_0001000,4
de_30_0001000,4
de_30_0001000,4
de_30_0001000,4
de_30_0001000,4
de_30_0001000,4
de_30_0001000,4
de_30_0001000,4
de_31_0001000,5
de_31_0001000,5
de_31_0001000,5
de_31_0001000,5
de_31_0001000,5
de_31_0001000,5
de_31_0001000,5
de_31_0001000,5
de_31_0001000,5
de_31_0001000,5
de_31_0001000,5
de_31_0001000,5
de_31_0001000,5
de_31_0001000,5
de_31_0001000,5
de_31_0001000,5
de_31_0001000,5
de_31_0001000,5
de_31_0001000,5
de_31_0001000,5
de_31_0001000,5
de_31_0001000,5
de_31_0001000,5
de_31_0001000,5
de_31_0001000,5
de_31_0001000,5
de_31_0001000,5
de_31_0001000,5
de_31_0001000,5
de_31_0001000,5
de_32_0001000,5
de_32_0001000,5
de_32_0001000,5
de_32_0001000,4
de_32_0001000,4
de_32_0001000,5
de_32_0001000,5
de_32_0001000,4
de_32_0001000,5
de_32_0001000,5
de_32_0001000,5
de_32_0001000,5
de_32_0001000,5
de_32_0001000,4
de_32_0001000,4
de_32_0001000,5
de_32_0001000,5
de_32_0001000,5
de_32_0001000,5
de_32_0001000,5
de_32_0001000,5
de_32_0001000,5
de_32_0001000,5
de_32_0001000,5
de_32_0001000,5
de_32_0001000,5
de_32_0001000,5
de_32_0001000,5
de_32_0001000,5
de_32_0001000,5
de_34_0001000,4
de_34_0001000,4
de_34_0001000,4
de_34_0001000,4
de_34_0001000,4
de_34_0001000,4
de_34_0001000,4
de_34_0001000,4
de_34_0001000,4
de_34_0001000,4
de_34_0001000,4
de_34_0001000,4
de_34_0001000,5
de_34_0001000,4
de_34_0001000,4
de_34_0001000,4
de_34_0001000,4
de_34_0001000,4
de_34_0001000,4
de_34_0001000,4
de_34_0001000,5
de_34_0001000,4
de_34_0001000,4
de_34_0001000,4
de_34_0001000,5
de_34_0001000,4
de_34_0001000,4
de_34_0001000,4
de_34_0001000,4
de_34_0001000,4
de_35_0001000,5
de_35_0001000,5
de_35_0001000,5
de_35_0001000,5
de_35_0001000,5
de_35_0001000,5
de_35_0001000,5
de_35_0001000,5
de_35_0001000,5
de_35_0001000,5
de_35_0001000,5
de_35_0001000,5
de_35_0001000,5
de_35_0001000,5
de_35_0001000,5
de_35_0001000,5
de_35_0001000,5
de_35_0001000,5
de_35_0001000,5
de_35_0001000,5
de_35_0001000,5
de_35_0001000,5
de_35_0001000,5
de_35_0001000,5
de_35_0001000,5
de_35_0001000,5
de_35_0001000,5
de_35_0001000,5
de_35_0001000,5
de_35_0001000,5
de_36_0001000,4
de_36_0001000,4
de_36_0001000,4
de_36_0001000,4
de_36_0001000,4
de_36_0001000,4
de_36_0001000,4
de_36_0001000,4
de_36_0001000,4
de_36_0001000,4
de_36_0001000,4
de_36_0001000,4
de_36_0001000,4
de_36_0001000,4
de_36_0001000,4
de_36_0001000,4
de_36_0001000,4
de_36_0001000,4
de_36_0001000,4
de_36_0001000,4
de_36_0001000,4
de_36_0001000,5
de_36_0001000,4
de_36_0001000,5
de_36_0001000,4
de_36_0001000,4
de_36_0001000,4
de_36_0001000,4
de_36_0001000,4
de_36_0001000,4
de_37_0001000,4
de_37_0001000,4
de_37_0001000,4
de_37_0001000,4
de_37_0001000,4
de_37_0001000,4
de_37_0001000,4
de_37_0001000,4
de_37_0001000,4
de_37_0001000,4
de_37_0001000,4
de_37_0001000,4
de_37_0001000,4
de_37_0001000,4
de_37_0001000,4
de_37_0001000,4
de_37_0001000,4
de_37_0001000,4
de_37_0001000,4
de_37_0001000,4
de_37_0001000,4
de_37_0001000,4
de_37_0001000,4
de_37_0001000,4
de_37_0001000,4
de_37_0001000,4
de_37_0001000,4
de_37_0001000,4
de_37_0001000,4
de_37_0001000,4
de_38_0001000,5
de_38_0001000,5
de_38_0001000,5
de_38_0001000,5
de_38_0001000,5
de_38_0001000,5
de_38_0001000,5
de_38_0001000,5
de_38_0001000,5
de_38_0001000,5
de_38_0001000,5
de_38_0001000,5
de_38_0001000,5
de_38_0001000,5
de_38_0001000,4
de_38_0001000,4
de_38_0001000,5
de_38_0001000,5
de_38_0001000,5
de_38_0001000,5
de_38_0001000,5
de_38_0001000,5
de_38_0001000,5
de_38_0001000,4
de_38_0001000,5
de_38_0001000,5
de_38_0001000,5
de_38_0001000,5
de_38_0001000,5
de_38_0001000,5
pl_1_0001000,4
pl_1_0001000,4
pl_1_0001000,4
pl_1_0001000,4
pl_1_0001000,4
pl_1_0001000,4
pl_1_0001000,4
pl_1_0001000,4
pl_1_0001000,4
pl_1_0001000,4
pl_1_0001000,4
pl_1_0001000,4
pl_1_0001000,4
pl_1_0001000,4
pl_1_0001000,4
pl_1_0001000,4
pl_1_0001000,4
pl_1_0001000,4
pl_1_0001000,4
pl_1_0001000,4
pl_1_0001000,4
pl_1_0001000,4
pl_1_0001000,4
pl_1_0001000,4
pl_1_0001000,4
pl_1_0001000,4
pl_1_0001000,4
pl_1_0001000,4
pl_1_0001000,4
pl_1_0001000,4
pl_2_0001000,6
pl_2_0001000,6
pl_2_0001000,5
pl_2_0001000,5
pl_2_0001000,5
pl_2_0001000,5
pl_2_0001000,5
pl_2_0001000,5
pl_2_0001000,5
pl_2_0001000,6
pl_2_0001000,5
pl_2_0001000,5
pl_2_0001000,5
pl_2_0001000,5
pl_2_0001000,5
pl_2_0001000,5
pl_2_0001000,5
pl_2_0001000,5
pl_2_0001000,5
pl_2_0001000,5
pl_2_0001000,5
pl_2_0001000,5
pl_2_0001000,5
pl_2_0001000,5
pl_2_0001000,5
pl_2_0001000,5
pl_2_0001000,5
pl_2_0001000,5
pl_2_0001000,6
pl_2_0001000,5
pl_3_0001000,5
pl_3_0001000,5
pl_3_0001000,5
pl_3_0001000,5
pl_3_0001000,5
pl_3_0001000,5
pl_3_0001000,5
pl_3_0001000,5
pl_3_0001000,5
pl_3_0001000,5
pl_3_0001000,5
pl_3_0001000,5
pl_3_0001000,5
pl_3_0001000,5
pl_3_0001000,5
pl_3_0001000,5
pl_3_0001000,5
pl_3_0001000,5
pl_3_0001000,5
pl_3_0001000,5
pl_3_0001000,5
pl_3_0001000,5
pl_3_0001000,5
pl_3_0001000,5
pl_3_0001000,5
pl_3_0001000,5
pl_3_0001000,5
pl_3_0001000,5
pl_3_0001000,5
pl_3_0001000,5
pl_4_0001000,5
pl_4_0001000,5
pl_4_0001000,5
pl_4_0001000,5
pl_4_0001000,5
pl_4_0001000,5
pl_4_0001000,5
pl_4_0001000,5
pl_4_0001000,5
pl_4_0001000,5
pl_4_0001000,5
pl_4_0001000,5
pl_4_0001000,5
pl_4_0001000,5
pl_4_0001000,5
pl_4_0001000,5
pl_4_0001000,5
pl_4_0001000,5
pl_4_0001000,5
pl_4_0001000,5
pl_4_0001000,5
pl_4_0001000,5
pl_4_0001000,5
pl_4_0001000,5
pl_4_0001000,5
pl_4_0001000,5
pl_4_0001000,5
pl_4_0001000,5
pl_4_0001000,5
pl_4_0001000,5
pl_5_0001000,5
pl_5_0001000,5
pl_5_0001000,5
pl_5_0001000,5
pl_5_0001000,5
pl_5_0001000,5
pl_5_0001000,5
pl_5_0001000,5
pl_5_0001000,5
pl_5_0001000,5
pl_5_0001000,5
pl_5_0001000,5
pl_5_0001000,5
pl_5_0001000,5
pl_5_0001000,5
pl_5_0001000,5
pl_5_0001000,5
pl_5_0001000,5
pl_5_0001000,5
pl_5_0001000,5
pl_5_0001000,5
pl_5_0001000,5
pl_5_0001000,5
pl_5_0001000,5
pl_5_0001000,5
pl_5_0001000,5
pl_5_0001000,5
pl_5_0001000,5
pl_5_0001000,5
pl_5_0001000,5
pl_6_0001000,5
pl_6_0001000,5
pl_6_0001000,5
pl_6_0001000,5
pl_6_0001000,5
pl_6_0001000,5
pl_6_0001000,5
pl_6_0001000,5
pl_6_0001000,5
pl_6_0001000,5
pl_6_0001000,5
pl_6_0001000,5
pl_6_0001000,5
pl_6_0001000,5
pl_6_0001000,5
pl_6_0001000,5
pl_6_0001000,5
pl_6_0001000,5
pl_6_0001000,5
pl_6_0001000,5
pl_6_0001000,5
pl_6_0001000,5
pl_6_0001000,5
pl_6_0001000,5
pl_6_0001000,5
pl_6_0001000,5
pl_6_0001000,5
pl_6_0001000,5
pl_6_0001000,5
pl_6_0001000,5
pl_7_0001000,5
pl_7_0001000,5
pl_7_0001000,5
pl_7_0001000,5
pl_7_0001000,5
pl_7_0001000,5
pl_7_0001000,5
pl_7_0001000,5
pl_7_0001000,5
pl_7_0001000,5
pl_7_0001000,5
pl_7_0001000,5
pl_7_0001000,5
pl_7_0001000,5
pl_7_0001000,5
pl_7_0001000,5
pl_7_0001000,5
pl_7_0001000,5
pl_7_0001000,5
pl_7_0001000,5
pl_7_0001000,5
pl_7_0001000,5
pl_7_0001000,5
pl_7_0001000,5
pl_7_0001000,5
pl_7_0001000,5
pl_7_0001000,5
pl_7_0001000,5
pl_7_0001000,5
pl_7_0001000,5
pl_8_0001000,5
pl_8_0001000,5
pl_8_0001000,5
pl_8_0001000,5
pl_8_0001000,5
pl_8_0001000,5
pl_8_0001000,5
pl_8_0001000,5
pl_8_0001000,4
pl_8_0001000,5
pl_8_0001000,5
pl_8_0001000,5
pl_8_0001000,5
pl_8_0001000,5
pl_8_0001000,5
pl_8_0001000,5
pl_8_0001000,5
pl_8_0001000,5
pl_8_0001000,5
pl_8_0001000,5
pl_8_0001000,5
pl_8_0001000,4
pl_8_0001000,5
pl_8_0001000,5
pl_8_0001000,5
pl_8_0001000,5
pl_8_0001000,5
pl_8_0001000,5
pl_8_0001000,5
pl_8_0001000,5
pl_9_0001000,4
pl_9_0001000,4
pl_9_0001000,4
pl_9_0001000,4
pl_9_0001000,4
pl_9_0001000,4
pl_9_0001000,4
pl_9_0001000,4
pl_9_0001000,4
pl_9_0001000,4
pl_9_0001000,4
pl_9_0001000,4
pl_9_0001000,4
pl_9_0001000,4
pl_9_0001000,4
pl_9_0001000,4
pl_9_0001000,4
pl_9_0001000,4
pl_9_0001000,4
pl_9_0001000,4
pl_9_0001000,4
pl_9_0001000,4
pl_9_0001000,4
pl_9_0001000,4
pl_9_0001000,4
pl_9_0001000,4
pl_9_0001000,4
pl_9_0001000,4
pl_9_0001000,4
pl_9_0001000,4
pl_10_0001000,4
pl_10_0001000,4
pl_10_0001000,4
pl_10_0001000,4
pl_10_0001000,4
pl_10_0001000,4
pl_10_0001000,4
pl_10_0001000,4
pl_10_0001000,4
pl_10_0001000,4
pl_10_0001000,4
pl_10_0001000,4
pl_10_0001000,4
pl_10_0001000,4
pl_10_0001000,4
pl_10_0001000,4
pl_10_0001000,4
pl_10_0001000,4
pl_10_0001000,4
pl_10_0001000,4
pl_10_0001000,4
pl_10_0001000,4
pl_10_0001000,4
pl_10_0001000,4
pl_10_0001000,4
pl_10_0001000,4
pl_10_0001000,4
pl_10_0001000,4
pl_10_0001000,4
pl_10_0001000,4
pl_12_0001000,4
pl_12_0001000,4
pl_12_0001000,4
pl_12_0001000,4
pl_12_0001000,4
pl_12_0001000,4
pl_12_0001000,4
pl_12_0001000,4
pl_12_0001000,4
pl_12_0001000,4
pl_12_0001000,4
pl_12_0001000,4
pl_12_0001000,4
pl_12_0001000,4
pl_12_0001000,4
pl_12_0001000,4
pl_12_0001000,4
pl_12_0001000,4
pl_12_0001000,4
pl_12_0001000,4
pl_12_0001000,4
pl_12_0001000,4
pl_12_0001000,4
pl_12_0001000,4
pl_12_0001000,4
pl_12_0001000,4
pl_12_0001000,4
pl_12_0001000,4
pl_12_0001000,4
pl_12_0001000,4
pl_14_0001000,5
pl_14_0001000,5
pl_14_0001000,5
pl_14_0001000,5
pl_14_0001000,5
pl_14_0001000,5
pl_14_0001000,5
pl_14_0001000,5
pl_14_0001000,5
pl_14_0001000,5
pl_14_0001000,5
pl_14_0001000,5
pl_14_0001000,5
pl_14_0001000,5
pl_14_0001000,5
pl_14_0001000,5
pl_14_0001000,5
pl_14_0001000,5
pl_14_0001000,5
pl_14_0001000,5
pl_14_0001000,5
pl_14_0001000,5
pl_14_0001000,5
pl_14_0001000,5
pl_14_0001000,5
pl_14_0001000,5
pl_14_0001000,5
pl_14_0001000,5
pl_14_0001000,5
pl_14_0001000,5
pl_17_0001000,3
pl_17_0001000,3
pl_17_0001000,3
pl_17_0001000,3
pl_17_0001000,3
pl_17_0001000,3
pl_17_0001000,3
pl_17_0001000,3
pl_17_0001000,3
pl_17_0001000,3
pl_17_0001000,3
pl_17_0001000,3
pl_17_0001000,3
pl_17_0001000,3
pl_17_0001000,3
pl_17_0001000,3
pl_17_0001000,3
pl_17_0001000,3
pl_17_0001000,3
pl_17_0001000,3
pl_17_0001000,3
pl_17_0001000,4
pl_17_0001000,3
pl_17_0001000,3
pl_17_0001000,3
pl_17_0001000,4
pl_17_0001000,3
pl_17_0001000,3
pl_17_0001000,3
pl_17_0001000,3
pl_19_0001000,4
pl_19_0001000,4
pl_19_0001000,4
pl_19_0001000,4
pl_19_0001000,4
pl_19_0001000,4
pl_19_0001000,4
pl_19_0001000,4
pl_19_0001000,4
pl_19_0001000,4
pl_19_0001000,4
pl_19_0001000,4
pl_19_0001000,4
pl_19_0001000,4
pl_19_0001000,4
pl_19_0001000,4
pl_19_0001000,4
pl_19_0001000,4
pl_19_0001000,4
pl_19_0001000,4
pl_19_0001000,4
pl_19_0001000,4
pl_19_0001000,4
pl_19_0001000,4
pl_19_0001000,4
pl_19_0001000,4
pl_19_0001000,4
pl_19_0001000,4
pl_19_0001000,4
pl_19_0001000,4
pl_20_0001000,5
pl_20_0001000,5
pl_20_0001000,5
pl_20_0001000,5
pl_20_0001000,5
pl_20_0001000,5
pl_20_0001000,5
pl_20_0001000,5
pl_20_0001000,5
pl_20_0001000,5
pl_20_0001000,5
pl_20_0001000,5
pl_20_0001000,5
pl_20_0001000,5
pl_20_0001000,5
pl_20_0001000,5
pl_20_0001000,5
pl_20_0001000,5
pl_20_0001000,5
pl_20_0001000,5
pl_20_0001000,5
pl_20_0001000,5
pl_20_0001000,5
pl_20_0001000,5
pl_20_0001000,5
pl_20_0001000,5
pl_20_0001000,5
pl_20_0001000,5
pl_20_0001000,5
pl_20_0001000,5
hu_1_0001000,6
hu_1_0001000,6
hu_1_0001000,6
hu_1_0001000,6
hu_1_0001000,6
hu_1_0001000,6
hu_1_0001000,6
hu_1_0001000,6
hu_1_0001000,6
hu_1_0001000,6
hu_1_0001000,6
hu_1_0001000,6
hu_1_0001000,6
hu_1_0001000,6
hu_1_0001000,6
hu_1_0001000,6
hu_1_0001000,6
hu_1_0001000,6
hu_1_0001000,6
hu_1_0001000,6
hu_1_0001000,6
hu_1_0001000,6
hu_1_0001000,6
hu_1_0001000,6
hu_1_0001000,6
hu_1_0001000,6
hu_1_0001000,6
hu_1_0001000,6
hu_1_0001000,6
hu_1_0001000,6
hu_2_0001000,4
hu_2_0001000,4
hu_2_0001000,4
hu_2_0001000,4
hu_2_0001000,4
hu_2_0001000,4
hu_2_0001000,4
hu_2_0001000,4
hu_2_0001000,4
hu_2_0001000,4
hu_2_0001000,4
hu_2_0001000,4
hu_2_0001000,4
hu_2_0001000,4
hu_2_0001000,4
hu_2_0001000,4
hu_2_0001000,4
hu_2_0001000,4
hu_2_0001000,4
hu_2_0001000,4
hu_2_0001000,4
hu_2_0001000,4
hu_2_0001000,4
hu_2_0001000,4
hu_2_0001000,4
hu_2_0001000,4
hu_2_0001000,4
hu_2_0001000,4
hu_2_0001000,4
hu_2_0001000,4
hu_3_0001000,7
hu_3_0001000,6
hu_3_0001000,6
hu_3_0001000,6
hu_3_0001000,6
hu_3_0001000,7
hu_3_0001000,6
hu_3_0001000,6
hu_3_0001000,6
hu_3_0001000,5
hu_3_0001000,6
hu_3_0001000,6
hu_3_0001000,6
hu_3_0001000,6
hu_3_0001000,6
hu_3_0001000,5
hu_3_0001000,5
hu_3_0001000,7
hu_3_0001000,6
hu_3_0001000,6
hu_3_0001000,5
hu_3_0001000,6
hu_3_0001000,6
hu_3_0001000,7
hu_3_0001000,6
hu_3_0001000,6
hu_3_0001000,7
hu_3_0001000,7
hu_3_0001000,6
hu_3_0001000,6
hu_4_0001000,5
hu_4_0001000,5
hu_4_0001000,5
hu_4_0001000,5
hu_4_0001000,5
hu_4_0001000,5
hu_4_0001000,5
hu_4_0001000,5
hu_4_0001000,5
hu_4_0001000,5
hu_4_0001000,5
hu_4_0001000,5
hu_4_0001000,5
hu_4_0001000,5
hu_4_0001000,5
hu_4_0001000,5
hu_4_0001000,5
hu_4_0001000,5
hu_4_0001000,5
hu_4_0001000,5
hu_4_0001000,5
hu_4_0001000,5
hu_4_0001000,5
hu_4_0001000,5
hu_4_0001000,5
hu_4_0001000,5
hu_4_0001000,5
hu_4_0001000,5
hu_4_0001000,5
hu_4_0001000,5
hu_5_0001000,4
hu_5_0001000,5
hu_5_0001000,4
hu_5_0001000,4
hu_5_0001000,4
hu_5_0001000,5
hu_5_0001000,5
hu_5_0001000,5
hu_5_0001000,4
hu_5_0001000,5
hu_5_0001000,5
hu_5_0001000,5
hu_5_0001000,5
hu_5_0001000,5
hu_5_0001000,5
hu_5_0001000,5
hu_5_0001000,4
hu_5_0001000,5
hu_5_0001000,4
hu_5_0001000,5
hu_5_0001000,5
hu_5_0001000,4
hu_5_0001000,4
hu_5_0001000,4
hu_5_0001000,4
hu_5_0001000,4
hu_5_0001000,4
hu_5_0001000,5
hu_5_0001000,4
hu_5_0001000,4
hu_6_0001000,4
hu_6_0001000,4
hu_6_0001000,4
hu_6_0001000,4
hu_6_0001000,4
hu_6_0001000,4
hu_6_0001000,4
hu_6_0001000,4
hu_6_0001000,4
hu_6_0001000,4
hu_6_0001000,4
hu_6_0001000,4
hu_6_0001000,4
hu_6_0001000,4
hu_6_0001000,4
hu_6_0001000,4
hu_6_0001000,4
hu_6_0001000,4
hu_6_0001000,4
hu_6_0001000,4
hu_6_0001000,4
hu_6_0001000,4
hu_6_0001000,4
hu_6_0001000,4
hu_6_0001000,4
hu_6_0001000,4
hu_6_0001000,4
hu_6_0001000,4
hu_6_0001000,4
hu_6_0001000,4
hu_8_0001000,5
hu_8_0001000,5
hu_8_0001000,5
hu_8_0001000,5
hu_8_0001000,5
hu_8_0001000,5
hu_8_0001000,5
hu_8_0001000,5
hu_8_0001000,5
hu_8_0001000,5
hu_8_0001000,5
hu_8_0001000,5
hu_8_0001000,5
hu_8_0001000,5
hu_8_0001000,5
hu_8_0001000,5
hu_8_0001000,5
hu_8_0001000,5
hu_8_0001000,5
hu_8_0001000,5
hu_8_0001000,5
hu_8_0001000,5
hu_8_0001000,5
hu_8_0001000,5
hu_8_0001000,5
hu_8_0001000,5
hu_8_0001000,5
hu_8_0001000,5
hu_8_0001000,5
hu_8_0001000,5
hu_9_0001000,4
hu_9_0001000,4
hu_9_0001000,4
hu_9_0001000,4
hu_9_0001000,4
hu_9_0001000,4
hu_9_0001000,4
hu_9_0001000,4
hu_9_0001000,4
hu_9_0001000,4
hu_9_0001000,4
hu_9_0001000,4
hu_9_0001000,4
hu_9_0001000,4
hu_9_0001000,4
hu_9_0001000,4
hu_9_0001000,4
hu_9_0001000,4
hu_9_0001000,4
hu_9_0001000,4
hu_9_0001000,4
hu_9_0001000,4
hu_9_0001000,4
hu_9_0001000,4
hu_9_0001000,4
hu_9_0001000,4
hu_9_0001000,4
hu_9_0001000,4
hu_9_0001000,4
hu_9_0001000,4
hu_10_0001000,5
hu_10_0001000,6
hu_10_0001000,5
hu_10_0001000,5
hu_10_0001000,6
hu_10_0001000,5
hu_10_0001000,5
hu_10_0001000,5
hu_10_0001000,5
hu_10_0001000,6
hu_10_0001000,5
hu_10_0001000,5
hu_10_0001000,5
hu_10_0001000,5
hu_10_0001000,5
hu_10_0001000,5
hu_10_0001000,5
hu_10_0001000,5
hu_10_0001000,5
hu_10_0001000,5
hu_10_0001000,5
hu_10_0001000,5
hu_10_0001000,5
hu_10_0001000,6
hu_10_0001000,5
hu_10_0001000,6
hu_10_0001000,5
hu_10_0001000,6
hu_10_0001000,5
hu_10_0001000,5
hu_11_0001000,4
hu_11_0001000,4
hu_11_0001000,5
hu_11_0001000,5
hu_11_0001000,5
hu_11_0001000,5
hu_11_0001000,5
hu_11_0001000,4
hu_11_0001000,5
hu_11_0001000,5
hu_11_0001000,5
hu_11_0001000,4
hu_11_0001000,5
hu_11_0001000,5
hu_11_0001000,5
hu_11_0001000,5
hu_11_0001000,5
hu_11_0001000,5
hu_11_0001000,4
hu_11_0001000,5
hu_11_0001000,5
hu_11_0001000,5
hu_11_0001000,5
hu_11_0001000,5
hu_11_0001000,5
hu_11_0001000,5
hu_11_0001000,5
hu_11_0001000,5
hu_11_0001000,5
hu_11_0001000,5
hu_12_0001000,5
hu_12_0001000,5
hu_12_0001000,4
hu_12_0001000,4
hu_12_0001000,4
hu_12_0001000,5
hu_12_0001000,4
hu_12_0001000,4
hu_12_0001000,4
hu_12_0001000,5
hu_12_0001000,4
hu_12_0001000,4
hu_12_0001000,4
hu_12_0001000,4
hu_12_0001000,4
hu_12_0001000,4
hu_12_0001000,4
hu_12_0001000,4
hu_12_0001000,4
hu_12_0001000,4
hu_12_0001000,4
hu_12_0001000,4
hu_12_0001000,4
hu_12_0001000,4
hu_12_0001000,4
hu_12_0001000,4
hu_12_0001000,4
hu_12_0001000,4
hu_12_0001000,5
hu_12_0001000,4
hu_13_0001000,3
hu_13_0001000,4
hu_13_0001000,4
hu_13_0001000,4
hu_13_0001000,3
hu_13_0001000,4
hu_13_0001000,3
hu_13_0001000,3
hu_13_0001000,3
hu_13_0001000,4
hu_13_0001000,4
hu_13_0001000,3
hu_13_0001000,3
hu_13_0001000,4
hu_13_0001000,3
hu_13_0001000,4
hu_13_0001000,3
hu_13_0001000,4
hu_13_0001000,3
hu_13_0001000,3
hu_13_0001000,3
hu_13_0001000,4
hu_13_0001000,3
hu_13_0001000,4
hu_13_0001000,3
hu_13_0001000,3
hu_13_0001000,4
hu_13_0001000,4
hu_13_0001000,3
hu_13_0001000,4
hu_14_0001000,4
hu_14_0001000,4
hu_14_0001000,4
hu_14_0001000,4
hu_14_0001000,4
hu_14_0001000,4
hu_14_0001000,4
hu_14_0001000,4
hu_14_0001000,4
hu_14_0001000,4
hu_14_0001000,4
hu_14_0001000,4
hu_14_0001000,4
hu_14_0001000,4
hu_14_0001000,4
hu_14_0001000,4
hu_14_0001000,4
hu_14_0001000,4
hu_14_0001000,4
hu_14_0001000,4
hu_14_0001000,4
hu_14_0001000,4
hu_14_0001000,4
hu_14_0001000,4
hu_14_0001000,4
hu_14_0001000,4
hu_14_0001000,4
hu_14_0001000,4
hu_14_0001000,4
hu_14_0001000,4
hu_15_0001000,6
hu_15_0001000,6
hu_15_0001000,6
hu_15_0001000,6
hu_15_0001000,6
hu_15_0001000,6
hu_15_0001000,6
hu_15_0001000,6
hu_15_0001000,6
hu_15_0001000,6
hu_15_0001000,6
hu_15_0001000,6
hu_15_0001000,5
hu_15_0001000,6
hu_15_0001000,6
hu_15_0001000,6
hu_15_0001000,6
hu_15_0001000,6
hu_15_0001000,6
hu_15_0001000,6
hu_15_0001000,6
hu_15_0001000,6
hu_15_0001000,6
hu_15_0001000,6
hu_15_0001000,6
hu_15_0001000,5
hu_15_0001000,6
hu_15_0001000,6
hu_15_0001000,6
hu_15_0001000,6
hu_16_0001000,5
hu_16_0001000,5
hu_16_0001000,6
hu_16_0001000,6
hu_16_0001000,6
hu_16_0001000,5
hu_16_0001000,6
hu_16_0001000,6
hu_16_0001000,5
hu_16_0001000,7
hu_16_0001000,6
hu_16_0001000,6
hu_16_0001000,5
hu_16_0001000,5
hu_16_0001000,5
hu_16_0001000,6
hu_16_0001000,6
hu_16_0001000,6
hu_16_0001000,5
hu_16_0001000,6
hu_16_0001000,7
hu_16_0001000,6
hu_16_0001000,6
hu_16_0001000,7
hu_16_0001000,7
hu_16_0001000,6
hu_16_0001000,6
hu_16_0001000,6
hu_16_0001000,5
hu_16_0001000,6
hu_18_0001000,5
hu_18_0001000,5
hu_18_0001000,5
hu_18_0001000,5
hu_18_0001000,5
hu_18_0001000,5
hu_18_0001000,5
hu_18_0001000,5
hu_18_0001000,5
hu_18_0001000,5
hu_18_0001000,5
hu_18_0001000,5
hu_18_0001000,5
hu_18_0001000,5
hu_18_0001000,5
hu_18_0001000,5
hu_18_0001000,5
hu_18_0001000,5
hu_18_0001000,5
hu_18_0001000,5
hu_18_0001000,5
hu_18_0001000,5
hu_18_0001000,5
hu_18_0001000,5
hu_18_0001000,5
hu_18_0001000,5
hu_18_0001000,5
hu_18_0001000,5
hu_18_0001000,5
hu_18_0001000,5
hu_20_0001000,5
hu_20_0001000,5
hu_20_0001000,5
hu_20_0001000,5
hu_20_0001000,5
hu_20_0001000,5
hu_20_0001000,5
hu_20_0001000,5
hu_20_0001000,5
hu_20_0001000,5
hu_20_0001000,5
hu_20_0001000,5
hu_20_0001000,5
hu_20_0001000,5
hu_20_0001000,5
hu_20_0001000,5
hu_20_0001000,5
hu_20_0001000,5
hu_20_0001000,5
hu_20_0001000,5
hu_20_0001000,5
hu_20_0001000,5
hu_20_0001000,5
hu_20_0001000,5
hu_20_0001000,5
hu_20_0001000,5
hu_20_0001000,5
hu_20_0001000,5
hu_20_0001000,5
hu_20_0001000,5
hu_23_0001000,5
hu_23_0001000,5
hu_23_0001000,5
hu_23_0001000,5
hu_23_0001000,5
hu_23_0001000,5
hu_23_0001000,5
hu_23_0001000,5
hu_23_0001000,5
hu_23_0001000,5
hu_23_0001000,5
hu_23_0001000,5
hu_23_0001000,5
hu_23_0001000,5
hu_23_0001000,5
hu_23_0001000,5
hu_23_0001000,5
hu_23_0001000,5
hu_23_0001000,5
hu_23_0001000,5
hu_23_0001000,5
hu_23_0001000,5
hu_23_0001000,5
hu_23_0001000,5
hu_23_0001000,5
hu_23_0001000,5
hu_23_0001000,5
hu_23_0001000,5
hu_23_0001000,5
hu_23_0001000,5
hu_25_0001000,5
hu_25_0001000,5
hu_25_0001000,5
hu_25_0001000,5
hu_25_0001000,5
hu_25_0001000,5
hu_25_0001000,5
hu_25_0001000,5
hu_25_0001000,5
hu_25_0001000,5
hu_25_0001000,5
hu_25_0001000,5
hu_25_0001000,5
hu_25_0001000,5
hu_25_0001000,5
hu_25_0001000,5
hu_25_0001000,5
hu_25_0001000,5
hu_25_0001000,5
hu_25_0001000,5
hu_25_0001000,5
hu_25_0001000,5
hu_25_0001000,5
hu_25_0001000,5
hu_25_0001000,5
hu_25_0001000,5
hu_25_0001000,5
hu_25_0001000,5
hu_25_0001000,5
hu_25_0001000,5
hu_28_0001000,5
hu_28_0001000,5
hu_28_0001000,5
hu_28_0001000,5
hu_28_0001000,5
hu_28_0001000,5
hu_28_0001000,5
hu_28_0001000,5
hu_28_0001000,5
hu_28_0001000,5
hu_28_0001000,5
hu_28_0001000,5
hu_28_0001000,5
hu_28_0001000,5
hu_28_0001000,5
hu_28_0001000,5
hu_28_0001000,5
hu_28_0001000,5
hu_28_0001000,5
hu_28_0001000,5
hu_28_0001000,5
hu_28_0001000,5
hu_28_0001000,5
hu_28_0001000,5
hu_28_0001000,5
hu_28_0001000,5
hu_28_0001000,5
hu_28_0001000,5
hu_28_0001000,5
hu_28_0001000,5
hu_29_0001000,6
hu_29_0001000,6
hu_29_0001000,6
hu_29_0001000,6
hu_29_0001000,6
hu_29_0001000,6
hu_29_0001000,6
hu_29_0001000,6
hu_29_0001000,6
hu_29_0001000,6
hu_29_0001000,6
hu_29_0001000,6
hu_29_0001000,6
hu_29_0001000,6
hu_29_0001000,6
hu_29_0001000,6
hu_29_0001000,6
hu_29_0001000,6
hu_29_0001000,6
hu_29_0001000,6
hu_29_0001000,6
hu_29_0001000,6
hu_29_0001000,6
hu_29_0001000,6
hu_29_0001000,6
hu_29_0001000,6
hu_29_0001000,6
hu_29_0001000,5
hu_29_0001000,6
hu_29_0001000,6
hu_30_0001000,4
hu_30_0001000,5
hu_30_0001000,5
hu_30_0001000,4
hu_30_0001000,5
hu_30_0001000,4
hu_30_0001000,5
hu_30_0001000,5
hu_30_0001000,5
hu_30_0001000,4
hu_30_0001000,5
hu_30_0001000,5
hu_30_0001000,4
hu_30_0001000,4
hu_30_0001000,5
hu_30_0001000,5
hu_30_0001000,4
hu_30_0001000,5
hu_30_0001000,5
hu_30_0001000,5
hu_30_0001000,5
hu_30_0001000,5
hu_30_0001000,5
hu_30_0001000,4
hu_30_0001000,5
hu_30_0001000,5
hu_30_0001000,5
hu_30_0001000,5
hu_30_0001000,5
hu_30_0001000,5
hu_31_0001000,5
hu_31_0001000,5
hu_31_0001000,5
hu_31_0001000,5
hu_31_0001000,5
hu_31_0001000,5
hu_31_0001000,5
hu_31_0001000,5
hu_31_0001000,5
hu_31_0001000,5
hu_31_0001000,5
hu_31_0001000,5
hu_31_0001000,5
hu_31_0001000,5
hu_31_0001000,5
hu_31_0001000,5
hu_31_0001000,5
hu_31_0001000,5
hu_31_0001000,5
hu_31_0001000,5
hu_31_0001000,5
hu_31_0001000,5
hu_31_0001000,5
hu_31_0001000,5
hu_31_0001000,5
hu_31_0001000,5
hu_31_0001000,5
hu_31_0001000,5
hu_31_0001000,5
hu_31_0001000,5
hu_32_0001000,5
hu_32_0001000,5
hu_32_0001000,5
hu_32_0001000,5
hu_32_0001000,6
hu_32_0001000,5
hu_32_0001000,6
hu_32_0001000,5
hu_32_0001000,5
hu_32_0001000,5
hu_32_0001000,5
hu_32_0001000,5
hu_32_0001000,5
hu_32_0001000,5
hu_32_0001000,5
hu_32_0001000,5
hu_32_0001000,5
hu_32_0001000,5
hu_32_0001000,5
hu_32_0001000,5
hu_32_0001000,5
hu_32_0001000,5
hu_32_0001000,5
hu_32_0001000,5
hu_32_0001000,5
hu_32_0001000,6
hu_32_0001000,5
hu_32_0001000,5
hu_32_0001000,5
hu_32_0001000,5
hu_36_0001000,6
hu_36_0001000,6
hu_36_0001000,6
hu_36_0001000,6
hu_36_0001000,6
hu_36_0001000,6
hu_36_0001000,6
hu_36_0001000,6
hu_36_0001000,6
hu_36_0001000,6
hu_36_0001000,6
hu_36_0001000,6
hu_36_0001000,6
hu_36_0001000,6
hu_36_0001000,6
hu_36_0001000,6
hu_36_0001000,6
hu_36_0001000,6
hu_36_0001000,6
hu_36_0001000,6
hu_36_0001000,6
hu_36_0001000,6
hu_36_0001000,6
hu_36_0001000,6
hu_36_0001000,6
hu_36_0001000,6
hu_36_0001000,6
hu_36_0001000,6
hu_36_0001000,6
hu_36_0001000,6
hu_37_0001000,6
hu_37_0001000,6
hu_37_0001000,6
hu_37_0001000,6
hu_37_0001000,6
hu_37_0001000,6
hu_37_0001000,6
hu_37_0001000,6
hu_37_0001000,6
hu_37_0001000,6
hu_37_0001000,6
hu_37_0001000,6
hu_37_0001000,6
hu_37_0001000,6
hu_37_0001000,6
hu_37_0001000,6
hu_37_0001000,6
hu_37_0001000,6
hu_37_0001000,6
hu_37_0001000,6
hu_37_0001000,6
hu_37_0001000,6
hu_37_0001000,6
hu_37_0001000,6
hu_37_0001000,6
hu_37_0001000,6
hu_37_0001000,6
hu_37_0001000,6
hu_37_0001000,6
hu_37_0001000,6
hu_38_0001000,5
hu_38_0001000,5
hu_38_0001000,5
hu_38_0001000,5
hu_38_0001000,5
hu_38_0001000,5
hu_38_0001000,5
hu_38_0001000,5
hu_38_0001000,5
hu_38_0001000,5
hu_38_0001000,5
hu_38_0001000,5
hu_38_0001000,5
hu_38_0001000,5
hu_38_0001000,5
hu_38_0001000,5
hu_38_0001000,5
hu_38_0001000,5
hu_38_0001000,5
hu_38_0001000,5
hu_38_0001000,5
hu_38_0001000,5
hu_38_0001000,5
hu_38_0001000,5
hu_38_0001000,5
hu_38_0001000,5
hu_38_0001000,5
hu_38_0001000,5
hu_38_0001000,5
hu_38_0001000,5
hu_39_0001000,6
hu_39_0001000,6
hu_39_0001000,6
hu_39_0001000,6
hu_39_0001000,6
hu_39_0001000,6
hu_39_0001000,6
hu_39_0001000,6
hu_39_0001000,6
hu_39_0001000,6
hu_39_0001000,6
hu_39_0001000,6
hu_39_0001000,6
hu_39_0001000,6
hu_39_0001000,6
hu_39_0001000,6
hu_39_0001000,6
hu_39_0001000,6
hu_39_0001000,6
hu_39_0001000,6
hu_39_0001000,6
hu_39_0001000,6
hu_39_0001000,6
hu_39_0001000,6
hu_39_0001000,6
hu_39_0001000,6
hu_39_0001000,6
hu_39_0001000,6
hu_39_0001000,6
hu_39_0001000,6
hu_40_0001000,5
hu_40_0001000,5
hu_40_0001000,5
hu_40_0001000,5
hu_40_0001000,5
hu_40_0001000,5
hu_40_0001000,5
hu_40_0001000,5
hu_40_0001000,5
hu_40_0001000,5
hu_40_0001000,5
hu_40_0001000,5
hu_40_0001000,5
hu_40_0001000,4
hu_40_0001000,4
hu_40_0001000,4
hu_40_0001000,5
hu_40_0001000,5
hu_40_0001000,5
hu_40_0001000,5
hu_40_0001000,5
hu_40_0001000,5
hu_40_0001000,5
hu_40_0001000,5
hu_40_0001000,5
hu_40_0001000,4
hu_40_0001000,5
hu_40_0001000,5
hu_40_0001000,5
hu_40_0001000,5
it_2_0001000,4
it_2_0001000,4
it_2_0001000,4
it_2_0001000,4
it_2_0001000,4
it_2_0001000,4
it_2_0001000,4
it_2_0001000,4
it_2_0001000,4
it_2_0001000,4
it_2_0001000,4
it_2_0001000,4
it_2_0001000,4
it_2_0001000,4
it_2_0001000,4
it_2_0001000,4
it_2_0001000,4
it_2_0001000,4
it_2_0001000,4
it_2_0001000,4
it_2_0001000,4
it_2_0001000,4
it_2_0001000,4
it_2_0001000,4
it_2_0001000,4
it_2_0001000,4
it_2_0001000,4
it_2_0001000,4
it_2_0001000,4
it_2_0001000,4
it_3_0001000,5
it_3_0001000,5
it_3_0001000,5
it_3_0001000,5
it_3_0001000,5
it_3_0001000,5
it_3_0001000,5
it_3_0001000,5
it_3_0001000,5
it_3_0001000,5
it_3_0001000,5
it_3_0001000,5
it_3_0001000,5
it_3_0001000,5
it_3_0001000,5
it_3_0001000,5
it_3_0001000,5
it_3_0001000,5
it_3_0001000,5
it_3_0001000,5
it_3_0001000,5
it_3_0001000,5
it_3_0001000,5
it_3_0001000,5
it_3_0001000,5
it_3_0001000,5
it_3_0001000,5
it_3_0001000,5
it_3_0001000,5
it_3_0001000,5
it_5_0001000,4
it_5_0001000,4
it_5_0001000,4
it_5_0001000,4
it_5_0001000,5
it_5_0001000,4
it_5_0001000,4
it_5_0001000,4
it_5_0001000,4
it_5_0001000,4
it_5_0001000,5
it_5_0001000,4
it_5_0001000,4
it_5_0001000,4
it_5_0001000,4
it_5_0001000,4
it_5_0001000,4
it_5_0001000,4
it_5_0001000,4
it_5_0001000,4
it_5_0001000,4
it_5_0001000,4
it_5_0001000,4
it_5_0001000,4
it_5_0001000,4
it_5_0001000,4
it_5_0001000,4
it_5_0001000,4
it_5_0001000,4
it_5_0001000,4
it_7_0001000,4
it_7_0001000,4
it_7_0001000,4
it_7_0001000,4
it_7_0001000,4
it_7_0001000,4
it_7_0001000,4
it_7_0001000,3
it_7_0001000,4
it_7_0001000,4
it_7_0001000,4
it_7_0001000,3
it_7_0001000,3
it_7_0001000,4
it_7_0001000,4
it_7_0001000,4
it_7_0001000,4
it_7_0001000,4
it_7_0001000,3
it_7_0001000,4
it_7_0001000,4
it_7_0001000,4
it_7_0001000,4
it_7_0001000,4
it_7_0001000,4
it_7_0001000,4
it_7_0001000,4
it_7_0001000,3
it_7_0001000,3
it_7_0001000,3
it_8_0001000,5
it_8_0001000,5
it_8_0001000,5
it_8_0001000,5
it_8_0001000,5
it_8_0001000,5
it_8_0001000,5
it_8_0001000,5
it_8_0001000,5
it_8_0001000,5
it_8_0001000,5
it_8_0001000,5
it_8_0001000,5
it_8_0001000,5
it_8_0001000,5
it_8_0001000,5
it_8_0001000,5
it_8_0001000,5
it_8_0001000,5
it_8_0001000,5
it_8_0001000,5
it_8_0001000,5
it_8_0001000,5
it_8_0001000,5
it_8_0001000,5
it_8_0001000,5
it_8_0001000,5
it_8_0001000,5
it_8_0001000,5
it_8_0001000,5
it_9_0001000,7
it_9_0001000,6
it_9_0001000,7
it_9_0001000,7
it_9_0001000,7
it_9_0001000,7
it_9_0001000,7
it_9_0001000,7
it_9_0001000,7
it_9_0001000,6
it_9_0001000,6
it_9_0001000,7
it_9_0001000,6
it_9_0001000,7
it_9_0001000,7
it_9_0001000,7
it_9_0001000,7
it_9_0001000,7
it_9_0001000,6
it_9_0001000,7
it_9_0001000,7
it_9_0001000,7
it_9_0001000,7
it_9_0001000,7
it_9_0001000,7
it_9_0001000,6
it_9_0001000,6
it_9_0001000,7
it_9_0001000,7
it_9_0001000,7
it_10_0001000,4
it_10_0001000,4
it_10_0001000,4
it_10_0001000,4
it_10_0001000,4
it_10_0001000,4
it_10_0001000,4
it_10_0001000,4
it_10_0001000,4
it_10_0001000,4
it_10_0001000,4
it_10_0001000,4
it_10_0001000,4
it_10_0001000,4
it_10_0001000,4
it_10_0001000,4
it_10_0001000,4
it_10_0001000,4
it_10_0001000,4
it_10_0001000,4
it_10_0001000,4
it_10_0001000,4
it_10_0001000,4
it_10_0001000,4
it_10_0001000,4
it_10_0001000,4
it_10_0001000,4
it_10_0001000,4
it_10_0001000,4
it_10_0001000,4
it_11_0001000,5
it_11_0001000,5
it_11_0001000,5
it_11_0001000,5
it_11_0001000,5
it_11_0001000,5
it_11_0001000,5
it_11_0001000,5
it_11_0001000,5
it_11_0001000,5
it_11_0001000,5
it_11_0001000,5
it_11_0001000,5
it_11_0001000,5
it_11_0001000,5
it_11_0001000,5
it_11_0001000,5
it_11_0001000,5
it_11_0001000,5
it_11_0001000,5
it_11_0001000,5
it_11_0001000,5
it_11_0001000,5
it_11_0001000,5
it_11_0001000,5
it_11_0001000,5
it_11_0001000,5
it_11_0001000,5
it_11_0001000,5
it_11_0001000,5
it_12_0001000,4
it_12_0001000,4
it_12_0001000,4
it_12_0001000,4
it_12_0001000,4
it_12_0001000,4
it_12_0001000,4
it_12_0001000,4
it_12_0001000,4
it_12_0001000,4
it_12_0001000,4
it_12_0001000,4
it_12_0001000,4
it_12_0001000,4
it_12_0001000,4
it_12_0001000,4
it_12_0001000,4
it_12_0001000,4
it_12_0001000,4
it_12_0001000,4
it_12_0001000,4
it_12_0001000,4
it_12_0001000,4
it_12_0001000,4
it_12_0001000,4
it_12_0001000,4
it_12_0001000,4
it_12_0001000,4
it_12_0001000,4
it_12_0001000,4
it_13_0001000,4
it_13_0001000,4
it_13_0001000,4
it_13_0001000,4
it_13_0001000,4
it_13_0001000,4
it_13_0001000,4
it_13_0001000,4
it_13_0001000,4
it_13_0001000,4
it_13_0001000,4
it_13_0001000,4
it_13_0001000,4
it_13_0001000,4
it_13_0001000,4
it_13_0001000,4
it_13_0001000,4
it_13_0001000,4
it_13_0001000,4
it_13_0001000,3
it_13_0001000,4
it_13_0001000,4
it_13_0001000,3
it_13_0001000,4
it_13_0001000,4
it_13_0001000,4
it_13_0001000,4
it_13_0001000,4
it_13_0001000,4
it_13_0001000,4
it_14_0001000,4
it_14_0001000,4
it_14_0001000,4
it_14_0001000,4
it_14_0001000,4
it_14_0001000,4
it_14_0001000,4
it_14_0001000,4
it_14_0001000,4
it_14_0001000,4
it_14_0001000,4
it_14_0001000,4
it_14_0001000,4
it_14_0001000,4
it_14_0001000,4
it_14_0001000,4
it_14_0001000,4
it_14_0001000,4
it_14_0001000,4
it_14_0001000,4
it_14_0001000,4
it_14_0001000,4
it_14_0001000,4
it_14_0001000,4
it_14_0001000,4
it_14_0001000,4
it_14_0001000,4
it_14_0001000,4
it_14_0001000,4
it_14_0001000,4
it_15_0001000,4
it_15_0001000,4
it_15_0001000,4
it_15_0001000,4
it_15_0001000,4
it_15_0001000,4
it_15_0001000,4
it_15_0001000,4
it_15_0001000,4
it_15_0001000,4
it_15_0001000,4
it_15_0001000,4
it_15_0001000,4
it_15_0001000,4
it_15_0001000,4
it_15_0001000,4
it_15_0001000,4
it_15_0001000,4
it_15_0001000,4
it_15_0001000,4
it_15_0001000,4
it_15_0001000,4
it_15_0001000,4
it_15_0001000,4
it_15_0001000,4
it_15_0001000,4
it_15_0001000,4
it_15_0001000,4
it_15_0001000,4
it_15_0001000,4
it_16_0001000,5
it_16_0001000,5
it_16_0001000,4
it_16_0001000,4
it_16_0001000,4
it_16_0001000,4
it_16_0001000,4
it_16_0001000,5
it_16_0001000,5
it_16_0001000,4
it_16_0001000,4
it_16_0001000,4
it_16_0001000,4
it_16_0001000,4
it_16_0001000,4
it_16_0001000,4
it_16_0001000,4
it_16_0001000,4
it_16_0001000,4
it_16_0001000,4
it_16_0001000,4
it_16_0001000,4
it_16_0001000,4
it_16_0001000,4
it_16_0001000,5
it_16_0001000,4
it_16_0001000,4
it_16_0001000,4
it_16_0001000,5
it_16_0001000,4
it_17_0001000,5
it_17_0001000,5
it_17_0001000,5
it_17_0001000,5
it_17_0001000,5
it_17_0001000,5
it_17_0001000,5
it_17_0001000,5
it_17_0001000,5
it_17_0001000,5
it_17_0001000,5
it_17_0001000,5
it_17_0001000,5
it_17_0001000,5
it_17_0001000,5
it_17_0001000,5
it_17_0001000,5
it_17_0001000,5
it_17_0001000,5
it_17_0001000,5
it_17_0001000,5
it_17_0001000,5
it_17_0001000,5
it_17_0001000,5
it_17_0001000,5
it_17_0001000,5
it_17_0001000,5
it_17_0001000,5
it_17_0001000,5
it_17_0001000,5
it_20_0001000,4
it_20_0001000,4
it_20_0001000,4
it_20_0001000,4
it_20_0001000,4
it_20_0001000,4
it_20_0001000,4
it_20_0001000,4
it_20_0001000,4
it_20_0001000,4
it_20_0001000,4
it_20_0001000,4
it_20_0001000,4
it_20_0001000,4
it_20_0001000,4
it_20_0001000,4
it_20_0001000,4
it_20_0001000,4
it_20_0001000,4
it_20_0001000,4
it_20_0001000,4
it_20_0001000,4
it_20_0001000,4
it_20_0001000,4
it_20_0001000,4
it_20_0001000,4
it_20_0001000,4
it_20_0001000,4
it_20_0001000,4
it_20_0001000,4
it_22_0001000,4
it_22_0001000,4
it_22_0001000,4
it_22_0001000,4
it_22_0001000,4
it_22_0001000,4
it_22_0001000,4
it_22_0001000,4
it_22_0001000,4
it_22_0001000,4
it_22_0001000,4
it_22_0001000,4
it_22_0001000,4
it_22_0001000,4
it_22_0001000,4
it_22_0001000,4
it_22_0001000,4
it_22_0001000,4
it_22_0001000,4
it_22_0001000,4
it_22_0001000,4
it_22_0001000,4
it_22_0001000,4
it_22_0001000,4
it_22_0001000,4
it_22_0001000,4
it_22_0001000,4
it_22_0001000,4
it_22_0001000,4
it_22_0001000,4
it_25_0001000,6
it_25_0001000,5
it_25_0001000,6
it_25_0001000,6
it_25_0001000,5
it_25_0001000,6
it_25_0001000,5
it_25_0001000,5
it_25_0001000,5
it_25_0001000,5
it_25_0001000,6
it_25_0001000,6
it_25_0001000,6
it_25_0001000,6
it_25_0001000,5
it_25_0001000,6
it_25_0001000,6
it_25_0001000,5
it_25_0001000,6
it_25_0001000,5
it_25_0001000,6
it_25_0001000,6
it_25_0001000,6
it_25_0001000,6
it_25_0001000,6
it_25_0001000,6
it_25_0001000,5
it_25_0001000,6
it_25_0001000,6
it_25_0001000,6
it_27_0001000,4
it_27_0001000,4
it_27_0001000,4
it_27_0001000,4
it_27_0001000,4
it_27_0001000,4
it_27_0001000,4
it_27_0001000,4
it_27_0001000,4
it_27_0001000,4
it_27_0001000,4
it_27_0001000,4
it_27_0001000,4
it_27_0001000,4
it_27_0001000,4
it_27_0001000,4
it_27_0001000,4
it_27_0001000,4
it_27_0001000,4
it_27_0001000,4
it_27_0001000,4
it_27_0001000,4
it_27_0001000,4
it_27_0001000,4
it_27_0001000,4
it_27_0001000,4
it_27_0001000,4
it_27_0001000,4
it_27_0001000,4
it_27_0001000,4
it_28_0001000,5
it_28_0001000,5
it_28_0001000,5
it_28_0001000,5
it_28_0001000,5
it_28_0001000,5
it_28_0001000,4
it_28_0001000,5
it_28_0001000,4
it_28_0001000,5
it_28_0001000,4
it_28_0001000,4
it_28_0001000,5
it_28_0001000,4
it_28_0001000,4
it_28_0001000,4
it_28_0001000,4
it_28_0001000,4
it_28_0001000,4
it_28_0001000,4
it_28_0001000,5
it_28_0001000,5
it_28_0001000,4
it_28_0001000,5
it_28_0001000,5
it_28_0001000,5
it_28_0001000,4
it_28_0001000,5
it_28_0001000,4
it_28_0001000,5
it_29_0001000,5
it_29_0001000,5
it_29_0001000,5
it_29_0001000,5
it_29_0001000,5
it_29_0001000,5
it_29_0001000,5
it_29_0001000,5
it_29_0001000,5
it_29_0001000,5
it_29_0001000,5
it_29_0001000,5
it_29_0001000,5
it_29_0001000,5
it_29_0001000,5
it_29_0001000,5
it_29_0001000,5
it_29_0001000,5
it_29_0001000,5
it_29_0001000,5
it_29_0001000,5
it_29_0001000,5
it_29_0001000,5
it_29_0001000,5
it_29_0001000,5
it_29_0001000,5
it_29_0001000,5
it_29_0001000,5
it_29_0001000,5
it_29_0001000,5
it_30_0001000,5
it_30_0001000,5
it_30_0001000,5
it_30_0001000,5
it_30_0001000,5
it_30_0001000,5
it_30_0001000,5
it_30_0001000,5
it_30_0001000,5
it_30_0001000,5
it_30_0001000,5
it_30_0001000,5
it_30_0001000,5
it_30_0001000,5
it_30_0001000,5
it_30_0001000,5
it_30_0001000,5
it_30_0001000,5
it_30_0001000,5
it_30_0001000,5
it_30_0001000,5
it_30_0001000,5
it_30_0001000,5
it_30_0001000,5
it_30_0001000,5
it_30_0001000,5
it_30_0001000,5
it_30_0001000,5
it_30_0001000,5
it_30_0001000,5
ch_18_0001000,4
ch_18_0001000,4
ch_18_0001000,4
ch_18_0001000,4
ch_18_0001000,4
ch_18_0001000,4
ch_18_0001000,4
ch_18_0001000,4
ch_18_0001000,4
ch_18_0001000,4
ch_18_0001000,4
ch_18_0001000,4
ch_18_0001000,4
ch_18_0001000,4
ch_18_0001000,4
ch_18_0001000,4
ch_18_0001000,4
ch_18_0001000,4
ch_18_0001000,4
ch_18_0001000,4
ch_18_0001000,4
ch_18_0001000,4
ch_18_0001000,4
ch_18_0001000,4
ch_18_0001000,4
ch_18_0001000,4
ch_18_0001000,4
ch_18_0001000,4
ch_18_0001000,4
ch_18_0001000,4
ch_19_0001000,6
ch_19_0001000,5
ch_19_0001000,6
ch_19_0001000,6
ch_19_0001000,6
ch_19_0001000,6
ch_19_0001000,5
ch_19_0001000,5
ch_19_0001000,6
ch_19_0001000,6
ch_19_0001000,6
ch_19_0001000,5
ch_19_0001000,6
ch_19_0001000,5
ch_19_0001000,6
ch_19_0001000,6
ch_19_0001000,6
ch_19_0001000,5
ch_19_0001000,5
ch_19_0001000,6
ch_19_0001000,5
ch_19_0001000,6
ch_19_0001000,6
ch_19_0001000,5
ch_19_0001000,6
ch_19_0001000,5
ch_19_0001000,6
ch_19_0001000,6
ch_19_0001000,6
ch_19_0001000,6
ch_20_0001000,5
ch_20_0001000,6
ch_20_0001000,6
ch_20_0001000,5
ch_20_0001000,5
ch_20_0001000,5
ch_20_0001000,6
ch_20_0001000,5
ch_20_0001000,5
ch_20_0001000,5
ch_20_0001000,5
ch_20_0001000,5
ch_20_0001000,5
ch_20_0001000,5
ch_20_0001000,6
ch_20_0001000,5
ch_20_0001000,6
ch_20_0001000,5
ch_20_0001000,6
ch_20_0001000,5
ch_20_0001000,6
ch_20_0001000,6
ch_20_0001000,6
ch_20_0001000,6
ch_20_0001000,5
ch_20_0001000,5
ch_20_0001000,5
ch_20_0001000,6
ch_20_0001000,5
ch_20_0001000,5
ch_21_0001000,3
ch_21_0001000,3
ch_21_0001000,4
ch_21_0001000,3
ch_21_0001000,3
ch_21_0001000,4
ch_21_0001000,3
ch_21_0001000,3
ch_21_0001000,4
ch_21_0001000,4
ch_21_0001000,4
ch_21_0001000,3
ch_21_0001000,3
ch_21_0001000,4
ch_21_0001000,3
ch_21_0001000,4
ch_21_0001000,4
ch_21_0001000,3
ch_21_0001000,3
ch_21_0001000,4
ch_21_0001000,4
ch_21_0001000,4
ch_21_0001000,3
ch_21_0001000,3
ch_21_0001000,3
ch_21_0001000,3
ch_21_0001000,4
ch_21_0001000,3
ch_21_0001000,3
ch_21_0001000,3
ch_22_0001000,6
ch_22_0001000,6
ch_22_0001000,6
ch_22_0001000,6
ch_22_0001000,6
ch_22_0001000,6
ch_22_0001000,6
ch_22_0001000,6
ch_22_0001000,6
ch_22_0001000,6
ch_22_0001000,6
ch_22_0001000,6
ch_22_0001000,6
ch_22_0001000,6
ch_22_0001000,6
ch_22_0001000,6
ch_22_0001000,6
ch_22_0001000,6
ch_22_0001000,6
ch_22_0001000,6
ch_22_0001000,6
ch_22_0001000,6
ch_22_0001000,6
ch_22_0001000,6
ch_22_0001000,6
ch_22_0001000,6
ch_22_0001000,6
ch_22_0001000,6
ch_22_0001000,6
ch_22_0001000,6
ch_23_0001000,5
ch_23_0001000,5
ch_23_0001000,5
ch_23_0001000,5
ch_23_0001000,5
ch_23_0001000,5
ch_23_0001000,5
ch_23_0001000,5
ch_23_0001000,5
ch_23_0001000,5
ch_23_0001000,5
ch_23_0001000,5
ch_23_0001000,5
ch_23_0001000,5
ch_23_0001000,5
ch_23_0001000,5
ch_23_0001000,5
ch_23_0001000,5
ch_23_0001000,5
ch_23_0001000,5
ch_23_0001000,5
ch_23_0001000,5
ch_23_0001000,5
ch_23_0001000,5
ch_23_0001000,5
ch_23_0001000,5
ch_23_0001000,5
ch_23_0001000,5
ch_23_0001000,5
ch_23_0001000,5
ch_24_0001000,5
ch_24_0001000,5
ch_24_0001000,5
ch_24_0001000,5
ch_24_0001000,5
ch_24_0001000,5
ch_24_0001000,5
ch_24_0001000,5
ch_24_0001000,5
ch_24_0001000,5
ch_24_0001000,5
ch_24_0001000,5
ch_24_0001000,5
ch_24_0001000,5
ch_24_0001000,5
ch_24_0001000,4
ch_24_0001000,5
ch_24_0001000,5
ch_24_0001000,5
ch_24_0001000,5
ch_24_0001000,5
ch_24_0001000,5
ch_24_0001000,4
ch_24_0001000,5
ch_24_0001000,5
ch_24_0001000,5
ch_24_0001000,5
ch_24_0001000,5
ch_24_0001000,4
ch_24_0001000,5
ch_25_0001000,5
ch_25_0001000,5
ch_25_0001000,5
ch_25_0001000,5
ch_25_0001000,5
ch_25_0001000,5
ch_25_0001000,5
ch_25_0001000,5
ch_25_0001000,5
ch_25_0001000,5
ch_25_0001000,5
ch_25_0001000,5
ch_25_0001000,5
ch_25_0001000,5
ch_25_0001000,5
ch_25_0001000,5
ch_25_0001000,5
ch_25_0001000,5
ch_25_0001000,5
ch_25_0001000,5
ch_25_0001000,5
ch_25_0001000,5
ch_25_0001000,5
ch_25_0001000,5
ch_25_0001000,5
ch_25_0001000,5
ch_25_0001000,5
ch_25_0001000,5
ch_25_0001000,5
ch_25_0001000,5
ch_26_0001000,4
ch_26_0001000,4
ch_26_0001000,4
ch_26_0001000,4
ch_26_0001000,4
ch_26_0001000,4
ch_26_0001000,4
ch_26_0001000,4
ch_26_0001000,4
ch_26_0001000,4
ch_26_0001000,4
ch_26_0001000,4
ch_26_0001000,4
ch_26_0001000,4
ch_26_0001000,4
ch_26_0001000,4
ch_26_0001000,4
ch_26_0001000,4
ch_26_0001000,4
ch_26_0001000,4
ch_26_0001000,4
ch_26_0001000,4
ch_26_0001000,4
ch_26_0001000,4
ch_26_0001000,4
ch_26_0001000,4
ch_26_0001000,4
ch_26_0001000,4
ch_26_0001000,4
ch_26_0001000,4
ch_29_0001000,5
ch_29_0001000,5
ch_29_0001000,5
ch_29_0001000,5
ch_29_0001000,5
ch_29_0001000,5
ch_29_0001000,5
ch_29_0001000,5
ch_29_0001000,5
ch_29_0001000,5
ch_29_0001000,5
ch_29_0001000,5
ch_29_0001000,5
ch_29_0001000,5
ch_29_0001000,5
ch_29_0001000,5
ch_29_0001000,5
ch_29_0001000,5
ch_29_0001000,5
ch_29_0001000,5
ch_29_0001000,5
ch_29_0001000,5
ch_29_0001000,5
ch_29_0001000,5
ch_29_0001000,5
ch_29_0001000,5
ch_29_0001000,5
ch_29_0001000,5
ch_29_0001000,5
ch_29_0001000,5
ch_30_0001000,4
ch_30_0001000,4
ch_30_0001000,4
ch_30_0001000,4
ch_30_0001000,4
ch_30_0001000,4
ch_30_0001000,4
ch_30_0001000,4
ch_30_0001000,4
ch_30_0001000,4
ch_30_0001000,4
ch_30_0001000,4
ch_30_0001000,4
ch_30_0001000,4
ch_30_0001000,4
ch_30_0001000,4
ch_30_0001000,4
ch_30_0001000,4
ch_30_0001000,4
ch_30_0001000,4
ch_30_0001000,4
ch_30_0001000,4
ch_30_0001000,4
ch_30_0001000,4
ch_30_0001000,4
ch_30_0001000,4
ch_30_0001000,4
ch_30_0001000,4
ch_30_0001000,4
ch_30_0001000,4
ch_32_0001000,5
ch_32_0001000,5
ch_32_0001000,5
ch_32_0001000,5
ch_32_0001000,5
ch_32_0001000,5
ch_32_0001000,5
ch_32_0001000,5
ch_32_0001000,5
ch_32_0001000,5
ch_32_0001000,5
ch_32_0001000,5
ch_32_0001000,4
ch_32_0001000,4
ch_32_0001000,5
ch_32_0001000,5
ch_32_0001000,5
ch_32_0001000,5
ch_32_0001000,5
ch_32_0001000,5
ch_32_0001000,5
ch_32_0001000,4
ch_32_0001000,5
ch_32_0001000,5
ch_32_0001000,4
ch_32_0001000,5
ch_32_0001000,5
ch_32_0001000,5
ch_32_0001000,5
ch_32_0001000,5
ch_33_0001000,5
ch_33_0001000,5
ch_33_0001000,5
ch_33_0001000,5
ch_33_0001000,5
ch_33_0001000,5
ch_33_0001000,5
ch_33_0001000,5
ch_33_0001000,5
ch_33_0001000,5
ch_33_0001000,5
ch_33_0001000,5
ch_33_0001000,5
ch_33_0001000,5
ch_33_0001000,5
ch_33_0001000,5
ch_33_0001000,5
ch_33_0001000,5
ch_33_0001000,5
ch_33_0001000,5
ch_33_0001000,5
ch_33_0001000,5
ch_33_0001000,5
ch_33_0001000,5
ch_33_0001000,5
ch_33_0001000,5
ch_33_0001000,5
ch_33_0001000,5
ch_33_0001000,5
ch_33_0001000,5
ch_34_0001000,4
ch_34_0001000,4
ch_34_0001000,4
ch_34_0001000,4
ch_34_0001000,4
ch_34_0001000,4
ch_34_0001000,4
ch_34_0001000,4
ch_34_0001000,4
ch_34_0001000,4
ch_34_0001000,4
ch_34_0001000,4
ch_34_0001000,4
ch_34_0001000,4
ch_34_0001000,4
ch_34_0001000,4
ch_34_0001000,4
ch_34_0001000,4
ch_34_0001000,4
ch_34_0001000,4
ch_34_0001000,4
ch_34_0001000,4
ch_34_0001000,4
ch_34_0001000,4
ch_34_0001000,4
ch_34_0001000,4
ch_34_0001000,4
ch_34_0001000,4
ch_34_0001000,4
ch_34_0001000,4
ch_35_0001000,5
ch_35_0001000,5
ch_35_0001000,5
ch_35_0001000,5
ch_35_0001000,5
ch_35_0001000,5
ch_35_0001000,5
ch_35_0001000,5
ch_35_0001000,5
ch_35_0001000,5
ch_35_0001000,5
ch_35_0001000,5
ch_35_0001000,5
ch_35_0001000,5
ch_35_0001000,5
ch_35_0001000,5
ch_35_0001000,5
ch_35_0001000,5
ch_35_0001000,5
ch_35_0001000,5
ch_35_0001000,5
ch_35_0001000,5
ch_35_0001000,5
ch_35_0001000,5
ch_35_0001000,5
ch_35_0001000,5
ch_35_0001000,5
ch_35_0001000,5
ch_35_0001000,5
ch_35_0001000,5
ch_36_0001000,5
ch_36_0001000,5
ch_36_0001000,5
ch_36_0001000,5
ch_36_0001000,5
ch_36_0001000,5
ch_36_0001000,5
ch_36_0001000,5
ch_36_0001000,5
ch_36_0001000,5
ch_36_0001000,5
ch_36_0001000,5
ch_36_0001000,5
ch_36_0001000,5
ch_36_0001000,5
ch_36_0001000,5
ch_36_0001000,5
ch_36_0001000,5
ch_36_0001000,5
ch_36_0001000,5
ch_36_0001000,5
ch_36_0001000,5
ch_36_0001000,5
ch_36_0001000,5
ch_36_0001000,5
ch_36_0001000,5
ch_36_0001000,5
ch_36_0001000,5
ch_36_0001000,5
ch_36_0001000,5
ch_37_0001000,4
ch_37_0001000,4
ch_37_0001000,4
ch_37_0001000,4
ch_37_0001000,4
ch_37_0001000,4
ch_37_0001000,4
ch_37_0001000,4
ch_37_0001000,4
ch_37_0001000,4
ch_37_0001000,4
ch_37_0001000,4
ch_37_0001000,4
ch_37_0001000,4
ch_37_0001000,4
ch_37_0001000,4
ch_37_0001000,4
ch_37_0001000,4
ch_37_0001000,4
ch_37_0001000,4
ch_37_0001000,4
ch_37_0001000,4
ch_37_0001000,4
ch_37_0001000,4
ch_37_0001000,4
ch_37_0001000,4
ch_37_0001000,4
ch_37_0001000,4
ch_37_0001000,4
ch_37_0001000,4
ch_39_0001000,7
ch_39_0001000,7
ch_39_0001000,6
ch_39_0001000,7
ch_39_0001000,7
ch_39_0001000,7
ch_39_0001000,7
ch_39_0001000,7
ch_39_0001000,7
ch_39_0001000,7
ch_39_0001000,7
ch_39_0001000,7
ch_39_0001000,7
ch_39_0001000,7
ch_39_0001000,7
ch_39_0001000,7
ch_39_0001000,7
ch_39_0001000,7
ch_39_0001000,7
ch_39_0001000,7
ch_39_0001000,6
ch_39_0001000,7
ch_39_0001000,7
ch_39_0001000,7
ch_39_0001000,7
ch_39_0001000,7
ch_39_0001000,7
ch_39_0001000,7
ch_39_0001000,6
ch_39_0001000,7
ch_40_0001000,4
ch_40_0001000,4
ch_40_0001000,4
ch_40_0001000,4
ch_40_0001000,4
ch_40_0001000,4
ch_40_0001000,4
ch_40_0001000,4
ch_40_0001000,4
ch_40_0001000,4
ch_40_0001000,4
ch_40_0001000,4
ch_40_0001000,4
ch_40_0001000,4
ch_40_0001000,4
ch_40_0001000,4
ch_40_0001000,4
ch_40_0001000,4
ch_40_0001000,4
ch_40_0001000,4
ch_40_0001000,4
ch_40_0001000,4
ch_40_0001000,4
ch_40_0001000,4
ch_40_0001000,4
ch_40_0001000,4
ch_40_0001000,4
ch_40_0001000,4
ch_40_0001000,4
ch_40_0001000,4
ch_41_0001000,4
ch_41_0001000,4
ch_41_0001000,4
ch_41_0001000,4
ch_41_0001000,4
ch_41_0001000,4
ch_41_0001000,4
ch_41_0001000,4
ch_41_0001000,4
ch_41_0001000,4
ch_41_0001000,4
ch_41_0001000,4
ch_41_0001000,4
ch_41_0001000,4
ch_41_0001000,4
ch_41_0001000,4
ch_41_0001000,4
ch_41_0001000,4
ch_41_0001000,4
ch_41_0001000,4
ch_41_0001000,4
ch_41_0001000,4
ch_41_0001000,4
ch_41_0001000,4
ch_41_0001000,4
ch_41_0001000,4
ch_41_0001000,4
ch_41_0001000,4
ch_41_0001000,4
ch_41_0001000,4
ch_42_0001000,4
ch_42_0001000,4
ch_42_0001000,4
ch_42_0001000,4
ch_42_0001000,4
ch_42_0001000,4
ch_42_0001000,4
ch_42_0001000,4
ch_42_0001000,4
ch_42_0001000,4
ch_42_0001000,4
ch_42_0001000,4
ch_42_0001000,4
ch_42_0001000,4
ch_42_0001000,4
ch_42_0001000,4
ch_42_0001000,4
ch_42_0001000,4
ch_42_0001000,4
ch_42_0001000,4
ch_42_0001000,4
ch_42_0001000,4
ch_42_0001000,4
ch_42_0001000,4
ch_42_0001000,4
ch_42_0001000,4
ch_42_0001000,4
ch_42_0001000,4
ch_42_0001000,4
ch_42_0001000,4
ch_43_0001000,5
ch_43_0001000,5
ch_43_0001000,5
ch_43_0001000,5
ch_43_0001000,5
ch_43_0001000,5
ch_43_0001000,5
ch_43_0001000,5
ch_43_0001000,5
ch_43_0001000,5
ch_43_0001000,5
ch_43_0001000,5
ch_43_0001000,5
ch_43_0001000,5
ch_43_0001000,5
ch_43_0001000,5
ch_43_0001000,5
ch_43_0001000,5
ch_43_0001000,5
ch_43_0001000,5
ch_43_0001000,5
ch_43_0001000,5
ch_43_0001000,5
ch_43_0001000,5
ch_43_0001000,5
ch_43_0001000,5
ch_43_0001000,5
ch_43_0001000,5
ch_43_0001000,5
ch_43_0001000,5
ch_44_0001000,5
ch_44_0001000,4
ch_44_0001000,4
ch_44_0001000,5
ch_44_0001000,4
ch_44_0001000,4
ch_44_0001000,4
ch_44_0001000,4
ch_44_0001000,4
ch_44_0001000,4
ch_44_0001000,4
ch_44_0001000,4
ch_44_0001000,4
ch_44_0001000,4
ch_44_0001000,4
ch_44_0001000,4
ch_44_0001000,5
ch_44_0001000,4
ch_44_0001000,4
ch_44_0001000,4
ch_44_0001000,4
ch_44_0001000,4
ch_44_0001000,4
ch_44_0001000,4
ch_44_0001000,4
ch_44_0001000,5
ch_44_0001000,4
ch_44_0001000,5
ch_44_0001000,4
ch_44_0001000,4
ch_45_0001000,5
ch_45_0001000,5
ch_45_0001000,5
ch_45_0001000,5
ch_45_0001000,5
ch_45_0001000,5
ch_45_0001000,5
ch_45_0001000,5
ch_45_0001000,5
ch_45_0001000,5
ch_45_0001000,5
ch_45_0001000,5
ch_45_0001000,5
ch_45_0001000,5
ch_45_0001000,5
ch_45_0001000,5
ch_45_0001000,5
ch_45_0001000,5
ch_45_0001000,5
ch_45_0001000,5
ch_45_0001000,5
ch_45_0001000,5
ch_45_0001000,5
ch_45_0001000,5
ch_45_0001000,5
ch_45_0001000,5
ch_45_0001000,5
ch_45_0001000,5
ch_45_0001000,5
ch_45_0001000,5
ch_46_0001000,5
ch_46_0001000,5
ch_46_0001000,5
ch_46_0001000,5
ch_46_0001000,5
ch_46_0001000,5
ch_46_0001000,5
ch_46_0001000,5
ch_46_0001000,5
ch_46_0001000,5
ch_46_0001000,5
ch_46_0001000,5
ch_46_0001000,5
ch_46_0001000,5
ch_46_0001000,5
ch_46_0001000,5
ch_46_0001000,5
ch_46_0001000,5
ch_46_0001000,5
ch_46_0001000,5
ch_46_0001000,5
ch_46_0001000,5
ch_46_0001000,5
ch_46_0001000,5
ch_46_0001000,5
ch_46_0001000,5
ch_46_0001000,5
ch_46_0001000,5
ch_46_0001000,5
ch_46_0001000,5
ch_47_0001000,4
ch_47_0001000,5
ch_47_0001000,5
ch_47_0001000,5
ch_47_0001000,4
ch_47_0001000,5
ch_47_0001000,5
ch_47_0001000,4
ch_47_0001000,5
ch_47_0001000,4
ch_47_0001000,5
ch_47_0001000,4
ch_47_0001000,5
ch_47_0001000,5
ch_47_0001000,4
ch_47_0001000,5
ch_47_0001000,5
ch_47_0001000,5
ch_47_0001000,4
ch_47_0001000,5
ch_47_0001000,4
ch_47_0001000,4
ch_47_0001000,4
ch_47_0001000,5
ch_47_0001000,5
ch_47_0001000,4
ch_47_0001000,5
ch_47_0001000,5
ch_47_0001000,4
ch_47_0001000,5
ch_48_0001000,4
ch_48_0001000,4
ch_48_0001000,4
ch_48_0001000,4
ch_48_0001000,4
ch_48_0001000,4
ch_48_0001000,4
ch_48_0001000,4
ch_48_0001000,4
ch_48_0001000,4
ch_48_0001000,4
ch_48_0001000,4
ch_48_0001000,4
ch_48_0001000,4
ch_48_0001000,4
ch_48_0001000,4
ch_48_0001000,4
ch_48_0001000,4
ch_48_0001000,4
ch_48_0001000,4
ch_48_0001000,4
ch_48_0001000,4
ch_48_0001000,4
ch_48_0001000,4
ch_48_0001000,4
ch_48_0001000,4
ch_48_0001000,4
ch_48_0001000,4
ch_48_0001000,4
ch_48_0001000,4
ch_49_0001000,5
ch_49_0001000,5
ch_49_0001000,5
ch_49_0001000,5
ch_49_0001000,5
ch_49_0001000,5
ch_49_0001000,5
ch_49_0001000,5
ch_49_0001000,5
ch_49_0001000,5
ch_49_0001000,5
ch_49_0001000,5
ch_49_0001000,5
ch_49_0001000,5
ch_49_0001000,5
ch_49_0001000,5
ch_49_0001000,5
ch_49_0001000,5
ch_49_0001000,5
ch_49_0001000,5
ch_49_0001000,5
ch_49_0001000,5
ch_49_0001000,5
ch_49_0001000,5
ch_49_0001000,5
ch_49_0001000,5
ch_49_0001000,5
ch_49_0001000,5
ch_49_0001000,5
ch_49_0001000,5
ch_50_0001000,5
ch_50_0001000,5
ch_50_0001000,5
ch_50_0001000,5
ch_50_0001000,5
ch_50_0001000,5
ch_50_0001000,5
ch_50_0001000,5
ch_50_0001000,5
ch_50_0001000,5
ch_50_0001000,5
ch_50_0001000,5
ch_50_0001000,5
ch_50_0001000,5
ch_50_0001000,5
ch_50_0001000,5
ch_50_0001000,5
ch_50_0001000,5
ch_50_0001000,5
ch_50_0001000,5
ch_50_0001000,5
ch_50_0001000,5
ch_50_0001000,5
ch_50_0001000,5
ch_50_0001000,5
ch_50_0001000,5
ch_50_0001000,5
ch_50_0001000,5
ch_50_0001000,5
ch_50_0001000,5
ch_51_0001000,4
ch_51_0001000,4
ch_51_0001000,4
ch_51_0001000,4
ch_51_0001000,4
ch_51_0001000,4
ch_51_0001000,4
ch_51_0001000,4
ch_51_0001000,4
ch_51_0001000,4
ch_51_0001000,4
ch_51_0001000,4
ch_51_0001000,4
ch_51_0001000,4
ch_51_0001000,4
ch_51_0001000,4
ch_51_0001000,4
ch_51_0001000,4
ch_51_0001000,4
ch_51_0001000,4
ch_51_0001000,4
ch_51_0001000,4
ch_51_0001000,4
ch_51_0001000,4
ch_51_0001000,4
ch_51_0001000,4
ch_51_0001000,4
ch_51_0001000,4
ch_51_0001000,4
ch_51_0001000,4
ch_52_0001000,5
ch_52_0001000,5
ch_52_0001000,5
ch_52_0001000,5
ch_52_0001000,5
ch_52_0001000,5
ch_52_0001000,5
ch_52_0001000,5
ch_52_0001000,5
ch_52_0001000,5
ch_52_0001000,5
ch_52_0001000,5
ch_52_0001000,5
ch_52_0001000,5
ch_52_0001000,5
ch_52_0001000,5
ch_52_0001000,5
ch_52_0001000,5
ch_52_0001000,5
ch_52_0001000,5
ch_52_0001000,5
ch_52_0001000,5
ch_52_0001000,5
ch_52_0001000,5
ch_52_0001000,5
ch_52_0001000,5
ch_52_0001000,5
ch_52_0001000,5
ch_52_0001000,5
ch_52_0001000,5
ch_53_0001000,4
ch_53_0001000,4
ch_53_0001000,4
ch_53_0001000,4
ch_53_0001000,4
ch_53_0001000,4
ch_53_0001000,4
ch_53_0001000,4
ch_53_0001000,4
ch_53_0001000,4
ch_53_0001000,4
ch_53_0001000,4
ch_53_0001000,4
ch_53_0001000,4
ch_53_0001000,4
ch_53_0001000,4
ch_53_0001000,4
ch_53_0001000,4
ch_53_0001000,4
ch_53_0001000,4
ch_53_0001000,4
ch_53_0001000,4
ch_53_0001000,4
ch_53_0001000,4
ch_53_0001000,4
ch_53_0001000,4
ch_53_0001000,4
ch_53_0001000,4
ch_53_0001000,4
ch_53_0001000,4
ch_54_0001000,6
ch_54_0001000,6
ch_54_0001000,6
ch_54_0001000,6
ch_54_0001000,6
ch_54_0001000,6
ch_54_0001000,6
ch_54_0001000,6
ch_54_0001000,6
ch_54_0001000,6
ch_54_0001000,6
ch_54_0001000,6
ch_54_0001000,6
ch_54_0001000,6
ch_54_0001000,6
ch_54_0001000,6
ch_54_0001000,6
ch_54_0001000,6
ch_54_0001000,6
ch_54_0001000,6
ch_54_0001000,6
ch_54_0001000,6
ch_54_0001000,6
ch_54_0001000,6
ch_54_0001000,6
ch_54_0001000,6
ch_54_0001000,6
ch_54_0001000,6
ch_54_0001000,6
ch_54_0001000,6
ch_55_0001000,5
ch_55_0001000,5
ch_55_0001000,5
ch_55_0001000,5
ch_55_0001000,5
ch_55_0001000,5
ch_55_0001000,5
ch_55_0001000,5
ch_55_0001000,5
ch_55_0001000,5
ch_55_0001000,5
ch_55_0001000,5
ch_55_0001000,5
ch_55_0001000,5
ch_55_0001000,5
ch_55_0001000,5
ch_55_0001000,5
ch_55_0001000,5
ch_55_0001000,5
ch_55_0001000,5
ch_55_0001000,5
ch_55_0001000,5
ch_55_0001000,5
ch_55_0001000,5
ch_55_0001000,5
ch_55_0001000,5
ch_55_0001000,5
ch_55_0001000,5
ch_55_0001000,5
ch_55_0001000,5
ch_56_0001000,4
ch_56_0001000,4
ch_56_0001000,4
ch_56_0001000,4
ch_56_0001000,4
ch_56_0001000,4
ch_56_0001000,4
ch_56_0001000,4
ch_56_0001000,4
ch_56_0001000,4
ch_56_0001000,4
ch_56_0001000,4
ch_56_0001000,4
ch_56_0001000,4
ch_56_0001000,4
ch_56_0001000,4
ch_56_0001000,4
ch_56_0001000,4
ch_56_0001000,4
ch_56_0001000,4
ch_56_0001000,4
ch_56_0001000,4
ch_56_0001000,4
ch_56_0001000,4
ch_56_0001000,4
ch_56_0001000,4
ch_56_0001000,4
ch_56_0001000,4
ch_56_0001000,4
ch_56_0001000,4
ch_57_0001000,5
ch_57_0001000,5
ch_57_0001000,5
ch_57_0001000,5
ch_57_0001000,5
ch_57_0001000,5
ch_57_0001000,5
ch_57_0001000,5
ch_57_0001000,5
ch_57_0001000,5
ch_57_0001000,5
ch_57_0001000,5
ch_57_0001000,5
ch_57_0001000,5
ch_57_0001000,5
ch_57_0001000,5
ch_57_0001000,5
ch_57_0001000,5
ch_57_0001000,5
ch_57_0001000,5
ch_57_0001000,5
ch_57_0001000,5
ch_57_0001000,5
ch_57_0001000,5
ch_57_0001000,5
ch_57_0001000,5
ch_57_0001000,5
ch_57_0001000,5
ch_57_0001000,5
ch_57_0001000,5
ch_58_0001000,5
ch_58_0001000,5
ch_58_0001000,5
ch_58_0001000,5
ch_58_0001000,5
ch_58_0001000,5
ch_58_0001000,5
ch_58_0001000,5
ch_58_0001000,5
ch_58_0001000,5
ch_58_0001000,5
ch_58_0001000,5
ch_58_0001000,5
ch_58_0001000,5
ch_58_0001000,5
ch_58_0001000,5
ch_58_0001000,5
ch_58_0001000,5
ch_58_0001000,5
ch_58_0001000,5
ch_58_0001000,5
ch_58_0001000,5
ch_58_0001000,5
ch_58_0001000,5
ch_58_0001000,5
ch_58_0001000,5
ch_58_0001000,5
ch_58_0001000,5
ch_58_0001000,5
ch_58_0001000,5
ch_59_0001000,5
ch_59_0001000,5
ch_59_0001000,5
ch_59_0001000,5
ch_59_0001000,5
ch_59_0001000,5
ch_59_0001000,5
ch_59_0001000,5
ch_59_0001000,5
ch_59_0001000,5
ch_59_0001000,5
ch_59_0001000,5
ch_59_0001000,5
ch_59_0001000,5
ch_59_0001000,5
ch_59_0001000,5
ch_59_0001000,5
ch_59_0001000,5
ch_59_0001000,5
ch_59_0001000,5
ch_59_0001000,5
ch_59_0001000,5
ch_59_0001000,5
ch_59_0001000,5
ch_59_0001000,5
ch_59_0001000,5
ch_59_0001000,5
ch_59_0001000,5
ch_59_0001000,5
ch_59_0001000,5
ch_0_0001000,6
ch_0_0001000,7
ch_0_0001000,6
ch_0_0001000,6
ch_0_0001000,6
ch_0_0001000,6
ch_0_0001000,7
ch_0_0001000,6
ch_0_0001000,6
ch_0_0001000,6
ch_0_0001000,6
ch_0_0001000,7
ch_0_0001000,7
ch_0_0001000,6
ch_0_0001000,6
ch_0_0001000,7
ch_0_0001000,7
ch_0_0001000,7
ch_0_0001000,6
ch_0_0001000,7
ch_0_0001000,7
ch_0_0001000,7
ch_0_0001000,7
ch_0_0001000,7
ch_0_0001000,7
ch_0_0001000,7
ch_0_0001000,6
ch_0_0001000,7
ch_0_0001000,7
ch_0_0001000,6
ch_1_0001000,6
ch_1_0001000,6
ch_1_0001000,6
ch_1_0001000,6
ch_1_0001000,6
ch_1_0001000,6
ch_1_0001000,6
ch_1_0001000,6
ch_1_0001000,6
ch_1_0001000,6
ch_1_0001000,6
ch_1_0001000,6
ch_1_0001000,6
ch_1_0001000,6
ch_1_0001000,6
ch_1_0001000,6
ch_1_0001000,6
ch_1_0001000,6
ch_1_0001000,6
ch_1_0001000,6
ch_1_0001000,6
ch_1_0001000,6
ch_1_0001000,6
ch_1_0001000,6
ch_1_0001000,6
ch_1_0001000,6
ch_1_0001000,6
ch_1_0001000,6
ch_1_0001000,6
ch_1_0001000,6
ch_3_0001000,4
ch_3_0001000,5
ch_3_0001000,4
ch_3_0001000,5
ch_3_0001000,4
ch_3_0001000,4
ch_3_0001000,4
ch_3_0001000,5
ch_3_0001000,5
ch_3_0001000,4
ch_3_0001000,5
ch_3_0001000,4
ch_3_0001000,4
ch_3_0001000,4
ch_3_0001000,5
ch_3_0001000,5
ch_3_0001000,5
ch_3_0001000,4
ch_3_0001000,5
ch_3_0001000,4
ch_3_0001000,5
ch_3_0001000,4
ch_3_0001000,4
ch_3_0001000,4
ch_3_0001000,5
ch_3_0001000,5
ch_3_0001000,4
ch_3_0001000,4
ch_3_0001000,4
ch_3_0001000,4
ch_4_0001000,5
ch_4_0001000,5
ch_4_0001000,5
ch_4_0001000,5
ch_4_0001000,6
ch_4_0001000,5
ch_4_0001000,5
ch_4_0001000,5
ch_4_0001000,6
ch_4_0001000,6
ch_4_0001000,5
ch_4_0001000,6
ch_4_0001000,5
ch_4_0001000,5
ch_4_0001000,5
ch_4_0001000,6
ch_4_0001000,5
ch_4_0001000,5
ch_4_0001000,6
ch_4_0001000,5
ch_4_0001000,6
ch_4_0001000,5
ch_4_0001000,6
ch_4_0001000,6
ch_4_0001000,6
ch_4_0001000,5
ch_4_0001000,5
ch_4_0001000,5
ch_4_0001000,5
ch_4_0001000,5
ch_5_0001000,4
ch_5_0001000,4
ch_5_0001000,4
ch_5_0001000,4
ch_5_0001000,4
ch_5_0001000,4
ch_5_0001000,4
ch_5_0001000,4
ch_5_0001000,4
ch_5_0001000,4
ch_5_0001000,4
ch_5_0001000,4
ch_5_0001000,4
ch_5_0001000,4
ch_5_0001000,4
ch_5_0001000,4
ch_5_0001000,4
ch_5_0001000,4
ch_5_0001000,4
ch_5_0001000,4
ch_5_0001000,4
ch_5_0001000,4
ch_5_0001000,4
ch_5_0001000,4
ch_5_0001000,4
ch_5_0001000,4
ch_5_0001000,4
ch_5_0001000,4
ch_5_0001000,4
ch_5_0001000,4
ch_6_0001000,4
ch_6_0001000,4
ch_6_0001000,4
ch_6_0001000,4
ch_6_0001000,4
ch_6_0001000,4
ch_6_0001000,4
ch_6_0001000,4
ch_6_0001000,4
ch_6_0001000,4
ch_6_0001000,4
ch_6_0001000,4
ch_6_0001000,4
ch_6_0001000,4
ch_6_0001000,4
ch_6_0001000,4
ch_6_0001000,4
ch_6_0001000,4
ch_6_0001000,4
ch_6_0001000,4
ch_6_0001000,4
ch_6_0001000,4
ch_6_0001000,4
ch_6_0001000,4
ch_6_0001000,4
ch_6_0001000,4
ch_6_0001000,4
ch_6_0001000,4
ch_6_0001000,4
ch_6_0001000,4
ch_7_0001000,4
ch_7_0001000,5
ch_7_0001000,5
ch_7_0001000,5
ch_7_0001000,4
ch_7_0001000,4
ch_7_0001000,5
ch_7_0001000,4
ch_7_0001000,4
ch_7_0001000,5
ch_7_0001000,5
ch_7_0001000,5
ch_7_0001000,4
ch_7_0001000,4
ch_7_0001000,5
ch_7_0001000,4
ch_7_0001000,5
ch_7_0001000,5
ch_7_0001000,4
ch_7_0001000,4
ch_7_0001000,5
ch_7_0001000,4
ch_7_0001000,5
ch_7_0001000,5
ch_7_0001000,5
ch_7_0001000,4
ch_7_0001000,4
ch_7_0001000,4
ch_7_0001000,4
ch_7_0001000,4
ch_9_0001000,4
ch_9_0001000,4
ch_9_0001000,4
ch_9_0001000,4
ch_9_0001000,4
ch_9_0001000,4
ch_9_0001000,4
ch_9_0001000,4
ch_9_0001000,4
ch_9_0001000,4
ch_9_0001000,4
ch_9_0001000,4
ch_9_0001000,4
ch_9_0001000,4
ch_9_0001000,4
ch_9_0001000,4
ch_9_0001000,4
ch_9_0001000,4
ch_9_0001000,4
ch_9_0001000,4
ch_9_0001000,4
ch_9_0001000,4
ch_9_0001000,4
ch_9_0001000,4
ch_9_0001000,4
ch_9_0001000,4
ch_9_0001000,4
ch_9_0001000,4
ch_9_0001000,4
ch_9_0001000,4
ch_10_0001000,3
ch_10_0001000,3
ch_10_0001000,3
ch_10_0001000,3
ch_10_0001000,3
ch_10_0001000,3
ch_10_0001000,3
ch_10_0001000,3
ch_10_0001000,3
ch_10_0001000,3
ch_10_0001000,3
ch_10_0001000,3
ch_10_0001000,3
ch_10_0001000,4
ch_10_0001000,3
ch_10_0001000,3
ch_10_0001000,3
ch_10_0001000,3
ch_10_0001000,3
ch_10_0001000,3
ch_10_0001000,3
ch_10_0001000,3
ch_10_0001000,3
ch_10_0001000,4
ch_10_0001000,3
ch_10_0001000,4
ch_10_0001000,3
ch_10_0001000,3
ch_10_0001000,3
ch_10_0001000,3
ch_11_0001000,5
ch_11_0001000,5
ch_11_0001000,5
ch_11_0001000,5
ch_11_0001000,5
ch_11_0001000,5
ch_11_0001000,5
ch_11_0001000,5
ch_11_0001000,5
ch_11_0001000,5
ch_11_0001000,5
ch_11_0001000,5
ch_11_0001000,5
ch_11_0001000,5
ch_11_0001000,5
ch_11_0001000,5
ch_11_0001000,5
ch_11_0001000,5
ch_11_0001000,5
ch_11_0001000,5
ch_11_0001000,5
ch_11_0001000,5
ch_11_0001000,5
ch_11_0001000,5
ch_11_0001000,5
ch_11_0001000,5
ch_11_0001000,5
ch_11_0001000,5
ch_11_0001000,5
ch_11_0001000,5
ch_12_0001000,4
ch_12_0001000,4
ch_12_0001000,4
ch_12_0001000,4
ch_12_0001000,4
ch_12_0001000,4
ch_12_0001000,4
ch_12_0001000,4
ch_12_0001000,4
ch_12_0001000,4
ch_12_0001000,4
ch_12_0001000,4
ch_12_0001000,4
ch_12_0001000,4
ch_12_0001000,4
ch_12_0001000,4
ch_12_0001000,4
ch_12_0001000,4
ch_12_0001000,4
ch_12_0001000,4
ch_12_0001000,4
ch_12_0001000,4
ch_12_0001000,4
ch_12_0001000,4
ch_12_0001000,4
ch_12_0001000,4
ch_12_0001000,4
ch_12_0001000,4
ch_12_0001000,4
ch_12_0001000,4
ch_13_0001000,4
ch_13_0001000,5
ch_13_0001000,4
ch_13_0001000,4
ch_13_0001000,4
ch_13_0001000,4
ch_13_0001000,4
ch_13_0001000,4
ch_13_0001000,4
ch_13_0001000,4
ch_13_0001000,4
ch_13_0001000,4
ch_13_0001000,4
ch_13_0001000,4
ch_13_0001000,4
ch_13_0001000,4
ch_13_0001000,4
ch_13_0001000,4
ch_13_0001000,4
ch_13_0001000,4
ch_13_0001000,5
ch_13_0001000,4
ch_13_0001000,4
ch_13_0001000,4
ch_13_0001000,4
ch_13_0001000,4
ch_13_0001000,4
ch_13_0001000,4
ch_13_0001000,4
ch_13_0001000,4
ch_14_0001000,5
ch_14_0001000,5
ch_14_0001000,5
ch_14_0001000,5
ch_14_0001000,5
ch_14_0001000,5
ch_14_0001000,5
ch_14_0001000,5
ch_14_0001000,5
ch_14_0001000,5
ch_14_0001000,5
ch_14_0001000,5
ch_14_0001000,5
ch_14_0001000,5
ch_14_0001000,5
ch_14_0001000,5
ch_14_0001000,5
ch_14_0001000,5
ch_14_0001000,5
ch_14_0001000,5
ch_14_0001000,5
ch_14_0001000,5
ch_14_0001000,5
ch_14_0001000,5
ch_14_0001000,5
ch_14_0001000,5
ch_14_0001000,5
ch_14_0001000,5
ch_14_0001000,5
ch_14_0001000,5
ch_16_0001000,4
ch_16_0001000,4
ch_16_0001000,4
ch_16_0001000,4
ch_16_0001000,4
ch_16_0001000,4
ch_16_0001000,4
ch_16_0001000,4
ch_16_0001000,4
ch_16_0001000,4
ch_16_0001000,4
ch_16_0001000,4
ch_16_0001000,4
ch_16_0001000,4
ch_16_0001000,4
ch_16_0001000,4
ch_16_0001000,4
ch_16_0001000,4
ch_16_0001000,4
ch_16_0001000,4
ch_16_0001000,4
ch_16_0001000,4
ch_16_0001000,4
ch_16_0001000,4
ch_16_0001000,4
ch_16_0001000,4
ch_16_0001000,4
ch_16_0001000,4
ch_16_0001000,4
ch_16_0001000,4
ch_17_0001000,4
ch_17_0001000,4
ch_17_0001000,4
ch_17_0001000,4
ch_17_0001000,4
ch_17_0001000,4
ch_17_0001000,4
ch_17_0001000,4
ch_17_0001000,4
ch_17_0001000,4
ch_17_0001000,4
ch_17_0001000,4
ch_17_0001000,4
ch_17_0001000,4
ch_17_0001000,4
ch_17_0001000,4
ch_17_0001000,4
ch_17_0001000,4
ch_17_0001000,4
ch_17_0001000,4
ch_17_0001000,4
ch_17_0001000,4
ch_17_0001000,4
ch_17_0001000,4
ch_17_0001000,4
ch_17_0001000,4
ch_17_0001000,4
ch_17_0001000,4
ch_17_0001000,4
ch_17_0001000,4
